zone_id,date,water_released_litres,water_delivered_litres
Zone-1,2025-03-22,37937.08,37990.69
Zone-1,2025-03-29,70888.66,64027.57
Zone-1,2025-01-25,58703.47,54708.38
Zone-1,2025-03-22,61515.99,56072.05
Zone-1,2025-02-27,66771.94,67126.89
Zone-1,2025-02-28,21036.76,19253.34
Zone-1,2025-01-03,49341.59,49625.71
Zone-1,2025-03-13,33450.28,32035.3
Zone-1,2025-03-07,39935.66,40481.04
Zone-1,2025-03-27,36749.58,31308.38
Zone-1,2025-03-19,45053.67,42657.29
Zone-1,2025-02-18,53333.29,51397.6
Zone-1,2025-03-06,22499.78,20132.45
Zone-1,2025-01-28,75897.53,79633.42
Zone-1,2025-03-27,39923.8,36264.85
Zone-1,2025-01-10,61678.64,56949.57
Zone-1,2025-02-15,43784.02,39789.31
Zone-1,2025-02-15,34713.03,34473.89
Zone-1,2025-02-19,47324.8,44492.67
Zone-1,2025-01-11,65395.97,57371.13
Zone-1,2025-03-09,23895.67,22809.28
Zone-1,2025-02-18,65779.74,61340.62
Zone-1,2025-02-11,73072.53,63131.3
Zone-1,2025-02-24,49733.94,46808.86
Zone-1,2025-03-11,49601.42,50667.97
Zone-1,2025-02-18,20770.94,18961.53
Zone-1,2025-01-06,42179.98,43782.73
Zone-1,2025-01-20,26584.73,24416.0
Zone-1,2025-03-09,71917.5,68082.02
Zone-1,2025-02-12,62769.36,65072.98
Zone-1,2025-01-08,73139.74,67393.79
Zone-1,2025-03-16,21723.48,19982.71
Zone-1,2025-02-19,56534.07,56183.93
Zone-1,2025-03-12,30717.93,29685.54
Zone-1,2025-03-01,32280.57,27804.15
Zone-1,2025-02-19,78372.86,77252.61
Zone-1,2025-01-02,48597.28,44783.84
Zone-1,2025-03-02,58943.26,54148.74
Zone-1,2025-01-11,25486.21,24047.68
Zone-1,2025-01-08,57471.83,54980.58
Zone-1,2025-03-25,76860.17,79937.58
Zone-1,2025-02-06,27289.14,28182.79
Zone-1,2025-02-14,42827.84,39749.91
Zone-1,2025-02-17,41229.39,41396.24
Zone-1,2025-01-28,33613.24,32638.51
Zone-1,2025-03-12,24969.68,22432.81
Zone-1,2025-02-01,66036.3,66905.15
Zone-1,2025-01-03,69929.84,70608.22
Zone-1,2025-02-21,22357.55,20048.91
Zone-1,2025-03-16,45902.06,39584.08
Zone-1,2025-01-30,30910.07,32034.56
Zone-1,2025-03-27,54509.55,52551.07
Zone-1,2025-02-13,71827.64,69522.59
Zone-1,2025-02-16,68840.28,62882.4
Zone-1,2025-01-16,35361.85,33777.21
Zone-1,2025-03-09,55430.92,52173.39
Zone-1,2025-03-18,20039.4,17388.78
Zone-1,2025-01-06,42673.23,43293.21
Zone-1,2025-03-15,68785.9,61416.03
Zone-1,2025-02-20,47499.73,41053.07
Zone-1,2025-03-05,33170.81,33762.92
Zone-1,2025-02-26,37603.1,37715.44
Zone-1,2025-03-06,56362.17,56539.12
Zone-1,2025-02-28,72729.1,71042.19
Zone-1,2025-03-24,49626.38,42745.71
Zone-1,2025-01-08,70752.19,61493.56
Zone-1,2025-01-26,44785.04,40445.53
Zone-1,2025-02-10,44778.18,38708.15
Zone-1,2025-03-30,70644.1,60795.44
Zone-1,2025-01-12,68450.03,59794.71
Zone-1,2025-01-04,77464.64,80015.82
Zone-1,2025-03-02,47337.03,40978.4
Zone-1,2025-03-16,55362.11,53031.14
Zone-1,2025-02-17,67463.68,64556.02
Zone-1,2025-01-19,62664.76,55893.68
Zone-1,2025-02-02,64487.15,65647.01
Zone-1,2025-03-09,77828.16,72781.52
Zone-1,2025-01-27,46189.45,45263.36
Zone-1,2025-03-05,46455.45,43457.43
Zone-1,2025-03-22,47326.55,41334.92
Zone-1,2025-01-23,71121.08,66113.35
Zone-1,2025-01-25,78154.86,66477.37
Zone-1,2025-02-21,49134.28,47974.76
Zone-1,2025-02-22,46373.97,41468.56
Zone-1,2025-03-11,61066.27,60649.16
Zone-1,2025-01-28,79494.32,68737.19
Zone-1,2025-03-12,22777.29,23765.25
Zone-1,2025-02-14,61949.71,53835.1
Zone-1,2025-01-13,34168.81,35699.94
Zone-1,2025-02-05,26302.11,26335.86
Zone-1,2025-03-30,45622.14,45546.59
Zone-1,2025-03-13,65065.23,60667.62
Zone-1,2025-03-13,58723.18,56412.95
Zone-1,2025-03-01,49088.13,49661.65
Zone-1,2025-03-20,20947.76,18857.13
Zone-1,2025-01-15,60843.33,63187.65
Zone-1,2025-03-13,66827.14,57429.12
Zone-1,2025-03-10,58685.73,56873.16
Zone-1,2025-02-21,72024.79,62753.23
Zone-1,2025-03-27,46403.32,48528.75
Zone-1,2025-03-28,23642.44,24650.56
Zone-1,2025-03-19,55974.71,58389.89
Zone-1,2025-02-09,28246.11,26351.11
Zone-1,2025-03-02,44481.26,43010.58
Zone-1,2025-02-06,33877.88,32124.15
Zone-1,2025-03-02,43563.23,45560.38
Zone-1,2025-01-25,53218.7,45276.53
Zone-1,2025-01-20,69925.39,59912.32
Zone-1,2025-03-31,78445.94,72324.77
Zone-1,2025-03-04,69220.06,67540.72
Zone-1,2025-01-26,59102.81,58474.75
Zone-1,2025-01-28,58271.95,59183.49
Zone-1,2025-03-13,77098.25,74823.29
Zone-1,2025-02-16,33347.55,30220.33
Zone-1,2025-02-23,78983.23,79650.95
Zone-1,2025-03-01,39939.91,36718.92
Zone-1,2025-03-17,71944.91,62254.51
Zone-1,2025-02-09,42811.12,41117.27
Zone-1,2025-02-28,40943.98,38410.53
Zone-1,2025-02-27,26607.59,22729.29
Zone-1,2025-02-21,26095.62,23874.42
Zone-1,2025-02-02,79248.95,76712.19
Zone-1,2025-02-13,60638.86,51664.92
Zone-1,2025-01-01,39166.69,40706.6
Zone-1,2025-02-09,57303.2,50603.06
Zone-1,2025-01-27,36784.85,33770.92
Zone-1,2025-01-26,25591.83,23043.64
Zone-1,2025-02-18,37977.21,39516.01
Zone-1,2025-02-21,28093.99,26259.21
Zone-1,2025-03-21,58715.5,54711.51
Zone-1,2025-02-08,50130.97,47526.51
Zone-1,2025-02-18,64935.25,66364.11
Zone-1,2025-02-20,35231.78,32274.05
Zone-1,2025-01-28,63420.15,61539.13
Zone-1,2025-01-13,74047.93,74698.91
Zone-1,2025-02-26,48121.71,43176.64
Zone-1,2025-03-05,20745.84,19866.18
Zone-1,2025-01-24,43193.24,44658.78
Zone-1,2025-02-22,33422.44,30502.03
Zone-1,2025-01-23,62910.88,54180.43
Zone-1,2025-02-19,70134.09,70358.93
Zone-1,2025-03-23,31357.98,31379.12
Zone-1,2025-01-28,68384.33,63288.14
Zone-1,2025-01-02,58814.93,52355.79
Zone-1,2025-01-16,31807.13,27720.41
Zone-1,2025-01-05,39101.92,33625.11
Zone-1,2025-03-29,24423.56,22881.36
Zone-1,2025-03-30,58590.08,51018.07
Zone-1,2025-03-06,43373.81,39692.38
Zone-1,2025-02-24,75680.21,78537.8
Zone-1,2025-03-21,28614.89,27175.08
Zone-1,2025-03-06,24325.11,24933.52
Zone-1,2025-02-23,67250.24,62767.5
Zone-1,2025-03-13,37750.06,36472.92
Zone-1,2025-02-05,45286.08,41404.96
Zone-1,2025-03-08,35517.6,35300.12
Zone-1,2025-02-13,74548.44,65498.04
Zone-1,2025-01-12,51498.46,49571.66
Zone-1,2025-03-01,72548.15,61847.25
Zone-1,2025-02-19,34292.51,30863.37
Zone-1,2025-03-02,66797.51,61860.63
Zone-1,2025-01-19,23064.64,22556.91
Zone-1,2025-02-28,22081.42,20867.22
Zone-1,2025-02-01,50279.74,50295.4
Zone-1,2025-01-29,29462.82,26800.52
Zone-1,2025-02-13,61224.33,57142.31
Zone-1,2025-03-31,42084.46,42922.32
Zone-1,2025-03-02,70489.81,64815.03
Zone-1,2025-03-26,33993.83,29728.26
Zone-1,2025-02-08,60348.03,63011.5
Zone-1,2025-02-27,55498.3,52204.66
Zone-1,2025-01-26,51496.06,43876.68
Zone-1,2025-03-25,43090.08,37206.04
Zone-1,2025-01-04,58612.19,53929.97
Zone-1,2025-03-14,68474.08,62794.63
Zone-1,2025-01-22,78322.87,70248.85
Zone-1,2025-02-19,41933.09,38343.17
Zone-1,2025-03-25,27641.15,24738.55
Zone-1,2025-01-16,20713.42,17735.51
Zone-1,2025-03-15,25177.61,23509.1
Zone-1,2025-02-20,30364.66,30569.46
Zone-1,2025-01-28,60073.35,58169.69
Zone-1,2025-03-17,49246.47,48981.74
Zone-1,2025-02-18,79298.18,70097.86
Zone-1,2025-01-20,43788.14,39028.15
Zone-1,2025-03-14,34096.26,30413.92
Zone-1,2025-03-26,75566.3,65893.23
Zone-1,2025-03-22,36786.36,33731.3
Zone-1,2025-01-06,38579.2,35176.19
Zone-1,2025-02-11,68506.2,66296.67
Zone-1,2025-01-03,34610.56,34934.85
Zone-1,2025-03-17,47275.74,45693.14
Zone-1,2025-02-25,49940.69,51136.97
Zone-1,2025-02-08,53662.83,52751.75
Zone-1,2025-01-13,29524.83,30202.69
Zone-1,2025-02-14,42375.89,36598.73
Zone-1,2025-02-14,60730.2,58475.98
Zone-1,2025-01-13,54269.86,50364.95
Zone-1,2025-03-13,57400.55,55468.41
Zone-1,2025-03-09,55106.55,55741.58
Zone-1,2025-01-04,22177.34,20119.34
Zone-1,2025-01-27,60149.95,54728.06
Zone-1,2025-02-01,39355.41,38308.46
Zone-1,2025-01-26,50483.35,50720.77
Zone-1,2025-01-05,44056.79,43388.22
Zone-1,2025-01-22,54201.71,56791.01
Zone-1,2025-03-28,53043.45,49762.68
Zone-1,2025-01-02,73257.81,74360.44
Zone-1,2025-02-26,50962.35,49691.37
Zone-1,2025-03-30,67539.01,62302.22
Zone-1,2025-02-18,54845.08,51131.78
Zone-1,2025-03-17,45428.82,41019.93
Zone-1,2025-01-06,43772.66,40801.12
Zone-1,2025-02-04,53314.28,50140.44
Zone-1,2025-02-06,31210.74,27431.15
Zone-1,2025-03-29,73066.52,67121.01
Zone-1,2025-03-04,30781.08,28755.57
Zone-1,2025-03-07,20778.85,19352.66
Zone-1,2025-01-29,57206.39,48755.71
Zone-1,2025-02-09,62917.34,56325.7
Zone-1,2025-03-25,28806.27,26197.45
Zone-1,2025-02-24,31499.28,28715.67
Zone-1,2025-03-20,53105.43,48160.99
Zone-1,2025-01-24,43979.26,43997.32
Zone-1,2025-03-22,71883.47,75101.17
Zone-1,2025-01-14,62616.02,62997.79
Zone-1,2025-02-23,58308.17,50396.83
Zone-1,2025-01-06,55410.09,54782.15
Zone-1,2025-01-30,61326.3,56079.09
Zone-1,2025-01-23,24303.4,21426.11
Zone-1,2025-02-17,56052.51,50433.27
Zone-1,2025-02-04,50600.58,43716.71
Zone-1,2025-02-03,49023.89,43886.89
Zone-1,2025-01-07,33691.11,34083.08
Zone-1,2025-02-06,44610.63,40208.61
Zone-1,2025-01-10,70416.23,67244.27
Zone-1,2025-01-17,69883.22,64761.45
Zone-1,2025-02-21,74728.34,77353.4
Zone-1,2025-01-10,47720.61,44084.82
Zone-1,2025-01-26,27174.27,24182.55
Zone-1,2025-02-03,30632.57,27146.21
Zone-1,2025-03-28,55364.93,52254.41
Zone-1,2025-03-15,30641.69,28117.29
Zone-1,2025-02-21,49654.17,45313.58
Zone-1,2025-02-26,20671.73,20670.18
Zone-1,2025-02-03,54624.19,52864.38
Zone-1,2025-02-01,22150.78,20113.52
Zone-1,2025-02-21,45987.22,41403.69
Zone-1,2025-03-22,44124.94,44094.89
Zone-1,2025-01-27,71721.7,68571.57
Zone-1,2025-01-02,30562.24,29144.14
Zone-1,2025-03-20,48555.19,48140.77
Zone-1,2025-02-08,64743.16,59392.53
Zone-1,2025-02-06,54443.8,52159.83
Zone-1,2025-02-16,68773.8,69849.37
Zone-1,2025-02-19,51230.27,43971.45
Zone-1,2025-01-01,22438.58,23295.81
Zone-1,2025-03-01,39091.34,38134.13
Zone-1,2025-03-01,57246.74,49443.0
Zone-1,2025-03-07,38776.85,34371.39
Zone-1,2025-01-16,50784.76,51529.35
Zone-1,2025-01-15,28042.45,27863.82
Zone-1,2025-03-10,73117.05,63631.43
Zone-1,2025-02-28,65282.0,63290.33
Zone-1,2025-03-10,70218.0,70960.75
Zone-1,2025-01-31,78659.87,77075.76
Zone-1,2025-01-02,30832.51,29629.38
Zone-1,2025-02-12,76239.65,76372.26
Zone-1,2025-02-16,64947.38,59998.04
Zone-1,2025-03-14,63227.38,62006.92
Zone-1,2025-03-25,24230.53,23961.3
Zone-1,2025-02-15,43105.56,40454.78
Zone-1,2025-01-06,34943.97,31490.59
Zone-1,2025-02-04,60369.9,63278.32
Zone-1,2025-01-18,65069.58,62390.41
Zone-1,2025-02-28,48691.05,50693.1
Zone-1,2025-01-22,65937.75,68505.74
Zone-1,2025-02-20,56072.53,56938.79
Zone-1,2025-03-08,44111.36,41724.07
Zone-1,2025-03-14,66163.2,58154.9
Zone-1,2025-03-27,39102.04,35892.21
Zone-1,2025-02-28,64517.76,60061.44
Zone-1,2025-03-18,73116.32,73692.46
Zone-1,2025-02-12,65131.0,56954.44
Zone-1,2025-01-31,65637.74,63378.0
Zone-1,2025-03-24,22031.56,19276.59
Zone-1,2025-01-20,51758.03,53973.62
Zone-1,2025-02-25,38202.84,34340.24
Zone-1,2025-02-23,79573.1,76945.3
Zone-1,2025-01-02,55498.64,50701.33
Zone-1,2025-01-03,44986.14,41490.6
Zone-1,2025-01-01,28860.16,30263.35
Zone-1,2025-03-09,32841.66,28599.95
Zone-1,2025-02-05,42278.85,36846.3
Zone-1,2025-02-18,36420.38,32779.03
Zone-1,2025-01-17,69742.59,64384.9
Zone-1,2025-03-09,76924.86,69066.2
Zone-1,2025-03-16,50087.6,43597.47
Zone-1,2025-02-10,67985.44,60065.08
Zone-1,2025-03-11,35941.8,32427.37
Zone-1,2025-03-06,67033.93,65835.77
Zone-1,2025-01-28,23882.6,21258.24
Zone-1,2025-01-04,24495.78,22093.54
Zone-1,2025-02-27,60903.47,63362.84
Zone-1,2025-02-25,48984.4,42975.91
Zone-1,2025-03-05,57779.3,52056.01
Zone-1,2025-03-03,43126.11,38970.65
Zone-1,2025-02-24,20234.68,19662.67
Zone-1,2025-03-24,27910.0,25156.01
Zone-1,2025-03-28,20768.63,20629.13
Zone-1,2025-03-18,22426.95,19581.43
Zone-1,2025-01-01,28089.8,25095.28
Zone-1,2025-02-25,54894.25,54237.19
Zone-1,2025-02-20,27423.2,27631.93
Zone-1,2025-03-08,77086.32,71539.78
Zone-1,2025-03-08,64730.03,63866.81
Zone-1,2025-01-06,26495.34,27168.44
Zone-1,2025-03-12,46731.04,43983.1
Zone-1,2025-03-21,24634.74,24455.77
Zone-1,2025-03-27,43288.52,40424.91
Zone-1,2025-01-12,58253.26,58891.1
Zone-1,2025-02-22,37366.76,34794.21
Zone-1,2025-02-12,69547.19,68728.09
Zone-1,2025-02-26,56424.84,55443.13
Zone-1,2025-01-28,77881.78,71927.54
Zone-1,2025-01-18,28815.17,24597.22
Zone-1,2025-01-25,48470.67,47931.52
Zone-1,2025-01-14,48240.84,42934.0
Zone-1,2025-02-02,37376.62,36543.74
Zone-1,2025-01-19,25338.15,22329.01
Zone-1,2025-03-01,64139.46,55439.01
Zone-1,2025-01-08,66527.02,63447.92
Zone-1,2025-02-14,63175.21,61779.82
Zone-1,2025-01-03,36027.12,35967.05
Zone-1,2025-01-08,22956.78,22285.97
Zone-1,2025-03-17,72340.16,72790.8
Zone-1,2025-03-17,74057.0,75094.32
Zone-1,2025-03-29,22690.77,21645.95
Zone-1,2025-02-09,49523.6,42472.66
Zone-1,2025-01-27,71229.4,64868.06
Zone-1,2025-01-10,71875.23,70925.18
Zone-1,2025-02-17,58731.31,54869.59
Zone-1,2025-03-01,26982.71,25332.45
Zone-1,2025-03-18,64146.66,55340.78
Zone-1,2025-02-06,66230.9,63798.25
Zone-1,2025-02-06,65748.84,59015.69
Zone-1,2025-02-23,22511.91,20951.4
Zone-1,2025-02-02,55575.4,49230.76
Zone-1,2025-02-08,46058.08,40210.38
Zone-1,2025-02-22,50495.56,48220.97
Zone-1,2025-01-12,54460.35,51052.85
Zone-1,2025-01-09,35381.71,33118.85
Zone-1,2025-03-28,22583.68,23173.54
Zone-1,2025-02-10,36472.87,32048.09
Zone-1,2025-01-11,24709.36,22532.01
Zone-1,2025-02-27,20327.95,20868.77
Zone-1,2025-02-21,33641.32,30500.68
Zone-1,2025-03-22,27737.8,23837.67
Zone-1,2025-01-16,63137.81,59864.31
Zone-1,2025-01-04,32812.11,28189.74
Zone-1,2025-03-06,39636.79,39723.17
Zone-1,2025-01-16,28007.1,24533.09
Zone-1,2025-01-08,78560.72,66813.53
Zone-1,2025-03-06,47986.53,46225.92
Zone-1,2025-01-31,55053.92,47325.66
Zone-1,2025-03-16,37666.05,37570.89
Zone-1,2025-02-15,63829.12,64584.24
Zone-1,2025-03-03,22251.35,20721.76
Zone-1,2025-01-02,47934.26,49004.23
Zone-1,2025-03-12,46083.75,39902.8
Zone-1,2025-01-21,77587.65,76554.4
Zone-1,2025-01-22,45101.77,41226.24
Zone-1,2025-03-02,30688.71,26406.55
Zone-1,2025-03-01,25127.33,23829.69
Zone-1,2025-03-17,57970.55,59860.53
Zone-1,2025-02-04,29327.1,25370.94
Zone-1,2025-03-17,59841.57,62022.12
Zone-1,2025-01-05,26998.88,23265.54
Zone-1,2025-03-15,67433.0,61181.75
Zone-1,2025-01-21,44874.25,42661.57
Zone-1,2025-03-15,65962.89,64252.81
Zone-1,2025-02-07,55273.23,52037.11
Zone-1,2025-03-15,26282.1,26041.39
Zone-1,2025-03-31,62895.46,53512.28
Zone-1,2025-02-09,63726.55,58726.09
Zone-1,2025-01-23,37368.73,39138.17
Zone-1,2025-01-25,73019.43,70796.52
Zone-1,2025-02-02,27697.55,24569.26
Zone-1,2025-03-26,52217.1,54683.59
Zone-1,2025-01-31,30431.12,26832.67
Zone-1,2025-02-08,23181.77,20267.29
Zone-1,2025-02-05,75953.47,67910.45
Zone-1,2025-01-23,31766.73,28865.1
Zone-1,2025-01-18,51339.04,48139.34
Zone-1,2025-03-26,66997.49,66809.26
Zone-1,2025-03-19,45191.96,45713.89
Zone-1,2025-02-23,61659.6,61469.11
Zone-1,2025-01-14,40748.47,42575.14
Zone-1,2025-03-10,26457.19,27201.78
Zone-1,2025-03-17,58771.86,52303.21
Zone-1,2025-03-16,33213.75,34806.55
Zone-1,2025-02-26,40737.24,41441.94
Zone-1,2025-01-06,52311.73,44580.2
Zone-1,2025-01-17,26559.97,27445.08
Zone-1,2025-01-06,22820.12,22902.12
Zone-1,2025-02-16,56795.52,49421.89
Zone-1,2025-02-01,21481.08,18478.2
Zone-1,2025-02-05,69313.54,60444.44
Zone-1,2025-02-28,27747.06,26232.19
Zone-1,2025-01-13,32183.26,28507.98
Zone-1,2025-01-23,59172.13,57163.8
Zone-1,2025-02-19,76346.51,71172.01
Zone-1,2025-02-22,55917.03,53871.03
Zone-1,2025-03-19,70969.09,69620.43
Zone-1,2025-03-30,54269.19,48165.98
Zone-1,2025-01-09,54862.67,53927.46
Zone-1,2025-03-12,32862.09,34175.57
Zone-1,2025-02-01,61372.86,52319.78
Zone-1,2025-02-07,54792.01,50707.79
Zone-1,2025-02-18,75877.89,77194.42
Zone-1,2025-02-27,24871.22,24910.16
Zone-1,2025-01-24,24411.46,24875.7
Zone-1,2025-03-02,52720.36,51710.36
Zone-1,2025-02-03,31282.06,30082.7
Zone-1,2025-02-20,48182.08,43925.81
Zone-1,2025-03-10,61526.54,55068.23
Zone-1,2025-02-09,58499.83,60519.29
Zone-1,2025-03-26,77864.84,66622.87
Zone-1,2025-01-31,41880.57,42811.02
Zone-1,2025-02-22,21662.83,19184.7
Zone-1,2025-01-27,78083.96,78007.01
Zone-1,2025-03-05,59362.66,51795.66
Zone-1,2025-01-19,51102.39,43960.55
Zone-1,2025-03-18,79470.53,82961.7
Zone-1,2025-01-11,29939.64,26619.21
Zone-1,2025-02-08,70117.48,64146.61
Zone-1,2025-02-06,65313.0,60371.5
Zone-1,2025-02-20,79818.02,83380.31
Zone-1,2025-03-03,32031.58,29207.03
Zone-1,2025-02-19,22355.49,22461.96
Zone-1,2025-03-14,53376.59,49188.17
Zone-1,2025-02-17,30131.85,29728.75
Zone-1,2025-01-28,44918.73,41375.15
Zone-1,2025-02-05,73144.31,71936.48
Zone-1,2025-03-17,67323.79,61058.31
Zone-1,2025-02-12,76035.86,71027.39
Zone-1,2025-01-04,41216.7,38652.56
Zone-1,2025-03-09,38115.19,35669.25
Zone-1,2025-01-05,78010.89,69852.23
Zone-1,2025-03-06,24781.78,22767.69
Zone-1,2025-01-10,59458.92,58623.63
Zone-1,2025-02-20,36679.52,34213.45
Zone-1,2025-03-20,28601.83,27204.86
Zone-1,2025-03-23,79161.95,72475.24
Zone-1,2025-03-31,58903.67,51055.82
Zone-1,2025-01-25,78243.88,76087.32
Zone-1,2025-03-12,40771.71,42366.0
Zone-1,2025-03-13,69720.78,69597.65
Zone-1,2025-02-06,57262.76,54991.03
Zone-1,2025-02-17,42760.73,43108.8
Zone-1,2025-02-05,55508.47,49714.22
Zone-1,2025-02-14,40088.75,41418.79
Zone-1,2025-01-27,31679.43,29161.98
Zone-1,2025-02-20,24203.29,23529.24
Zone-1,2025-02-21,59113.26,61813.34
Zone-1,2025-03-04,55035.3,52468.37
Zone-1,2025-02-04,50888.44,49706.48
Zone-1,2025-02-17,27205.79,28293.68
Zone-1,2025-02-03,36907.4,33039.27
Zone-1,2025-02-16,61251.47,53013.8
Zone-1,2025-01-19,76805.68,72946.22
Zone-1,2025-01-19,58072.14,50381.3
Zone-1,2025-01-23,29685.33,28878.98
Zone-1,2025-03-07,29867.6,25905.08
Zone-1,2025-02-03,38117.81,34032.11
Zone-1,2025-03-05,54706.73,53959.55
Zone-1,2025-03-29,22972.61,22032.99
Zone-1,2025-03-20,44446.23,38428.31
Zone-1,2025-03-17,67273.05,63575.54
Zone-1,2025-01-25,65193.62,62675.82
Zone-1,2025-02-28,71420.81,66370.54
Zone-1,2025-02-21,43153.24,43317.85
Zone-1,2025-02-13,59915.19,55005.52
Zone-1,2025-03-19,40717.06,41283.26
Zone-1,2025-02-13,31842.24,30831.49
Zone-1,2025-02-02,34677.27,33163.49
Zone-1,2025-01-03,24656.25,23002.85
Zone-1,2025-01-02,35034.46,31096.92
Zone-1,2025-02-08,55576.6,56755.13
Zone-1,2025-01-04,28910.74,28316.39
Zone-1,2025-02-02,63216.67,58717.82
Zone-1,2025-02-15,37136.61,36573.16
Zone-1,2025-03-02,35241.79,34625.16
Zone-1,2025-02-28,57175.8,57056.2
Zone-1,2025-02-27,71594.08,72446.85
Zone-1,2025-01-18,74040.0,77740.35
Zone-1,2025-01-09,75376.11,65639.38
Zone-1,2025-03-29,20251.73,20190.57
Zone-1,2025-03-02,66600.27,66634.36
Zone-1,2025-02-03,68427.07,59230.24
Zone-1,2025-03-18,30052.51,28960.44
Zone-1,2025-01-15,38410.62,36415.12
Zone-1,2025-01-26,21156.04,20712.87
Zone-1,2025-01-17,34708.7,33401.16
Zone-1,2025-02-16,55228.93,53428.13
Zone-1,2025-02-16,79270.71,80300.6
Zone-1,2025-02-27,73007.36,72965.49
Zone-1,2025-02-27,73075.88,71748.41
Zone-1,2025-03-29,77419.06,67612.02
Zone-1,2025-02-18,49782.34,47902.62
Zone-1,2025-01-29,42248.73,37065.16
Zone-1,2025-01-13,74526.46,72917.75
Zone-1,2025-01-15,30533.86,31886.11
Zone-1,2025-01-17,79887.82,77203.91
Zone-1,2025-03-14,79715.71,70349.51
Zone-1,2025-03-03,63473.31,64125.43
Zone-1,2025-02-21,41988.27,41542.56
Zone-1,2025-03-16,67339.02,63534.89
Zone-1,2025-03-31,76846.34,79378.88
Zone-1,2025-01-17,65296.33,59626.47
Zone-1,2025-01-11,71826.64,73714.55
Zone-1,2025-03-08,28645.52,26716.73
Zone-1,2025-03-15,49536.3,45596.36
Zone-1,2025-02-16,59032.26,52138.88
Zone-1,2025-01-04,50781.59,47393.38
Zone-1,2025-02-21,66694.54,58014.31
Zone-1,2025-03-22,39823.48,34170.11
Zone-1,2025-02-26,26553.67,23483.25
Zone-1,2025-01-11,63977.72,59479.0
Zone-1,2025-03-11,29492.06,26917.99
Zone-1,2025-01-05,26677.18,25552.55
Zone-1,2025-01-25,79468.03,80396.82
Zone-1,2025-03-06,21424.01,21297.98
Zone-1,2025-02-18,59705.13,57248.03
Zone-1,2025-02-02,39193.74,34561.02
Zone-1,2025-01-09,44779.77,41272.4
Zone-1,2025-02-21,52426.24,52954.8
Zone-1,2025-01-15,24597.77,21470.33
Zone-1,2025-02-01,28927.83,25536.59
Zone-1,2025-03-06,67718.83,58911.21
Zone-1,2025-03-28,77036.63,66298.15
Zone-1,2025-03-06,29775.58,30904.54
Zone-1,2025-03-17,57343.85,56837.85
Zone-1,2025-01-09,34048.47,30181.25
Zone-1,2025-01-19,65162.44,63573.66
Zone-1,2025-01-15,34231.39,29225.04
Zone-1,2025-02-16,52977.88,53628.35
Zone-1,2025-02-24,26374.04,24955.1
Zone-1,2025-01-21,76630.66,74112.13
Zone-1,2025-03-28,74219.18,63786.89
Zone-1,2025-01-24,70755.8,60624.73
Zone-1,2025-03-09,52361.04,46882.78
Zone-1,2025-01-09,63355.0,54595.09
Zone-1,2025-01-03,43412.3,39447.05
Zone-1,2025-01-06,20867.35,17838.34
Zone-1,2025-03-15,78548.23,72728.86
Zone-1,2025-02-12,69758.75,66596.95
Zone-1,2025-01-10,30771.78,31055.47
Zone-1,2025-02-14,72661.73,74173.79
Zone-1,2025-03-02,22205.39,22089.87
Zone-1,2025-01-29,76410.39,65336.85
Zone-1,2025-02-03,57599.04,55328.25
Zone-1,2025-02-11,48541.37,47807.49
Zone-1,2025-03-15,39895.9,35327.26
Zone-1,2025-01-20,21520.34,21008.56
Zone-1,2025-02-15,24110.95,24138.85
Zone-1,2025-01-06,66454.76,67290.37
Zone-1,2025-01-11,42087.2,39146.68
Zone-1,2025-02-12,46752.22,44604.9
Zone-1,2025-01-14,26943.46,25077.26
Zone-1,2025-01-16,71175.69,68088.1
Zone-1,2025-01-03,34072.1,34639.32
Zone-1,2025-03-30,66617.82,65962.43
Zone-1,2025-02-13,27506.45,27965.01
Zone-1,2025-02-16,32735.69,29823.42
Zone-1,2025-02-25,38515.44,39597.15
Zone-1,2025-03-03,79426.95,68775.24
Zone-1,2025-01-01,48184.13,42427.83
Zone-1,2025-02-07,73448.23,73627.55
Zone-1,2025-01-20,52270.74,44535.09
Zone-1,2025-01-29,71930.93,62304.86
Zone-1,2025-02-17,43724.31,41592.72
Zone-1,2025-03-02,22613.45,19988.38
Zone-1,2025-03-22,40485.95,35796.38
Zone-1,2025-01-01,34736.37,35138.94
Zone-1,2025-03-29,63558.53,59040.97
Zone-1,2025-03-22,37949.95,32757.18
Zone-1,2025-01-23,79183.72,80296.3
Zone-1,2025-03-24,44472.67,44465.13
Zone-1,2025-02-19,56102.92,57787.44
Zone-1,2025-03-14,38485.1,34576.71
Zone-1,2025-01-07,51215.07,51849.08
Zone-1,2025-01-24,60941.9,52423.52
Zone-1,2025-01-11,34955.52,33575.67
Zone-1,2025-03-22,60752.97,54635.22
Zone-1,2025-03-16,70939.6,70669.72
Zone-1,2025-01-28,49133.3,43487.85
Zone-1,2025-02-04,71609.05,71785.43
Zone-1,2025-03-27,42536.27,42754.14
Zone-1,2025-02-05,30061.47,26692.62
Zone-1,2025-02-23,46706.9,42284.73
Zone-1,2025-01-03,55994.65,50926.31
Zone-1,2025-03-13,62704.8,56752.46
Zone-1,2025-01-25,55181.12,56418.77
Zone-1,2025-01-17,76069.5,76235.46
Zone-1,2025-03-26,46522.27,43766.16
Zone-1,2025-02-24,57313.25,56566.86
Zone-1,2025-02-15,26503.6,26212.25
Zone-1,2025-01-29,55061.04,50061.4
Zone-1,2025-03-27,32933.54,32707.41
Zone-1,2025-03-26,59750.08,52196.18
Zone-1,2025-02-04,66515.08,56576.63
Zone-1,2025-03-12,70473.15,63033.03
Zone-1,2025-03-14,33235.18,29531.44
Zone-1,2025-03-11,33431.9,30529.64
Zone-1,2025-02-05,55022.23,53043.3
Zone-1,2025-01-25,30705.57,32108.15
Zone-1,2025-03-21,27098.68,26651.61
Zone-1,2025-01-06,74953.53,75257.79
Zone-1,2025-03-08,28509.94,27916.42
Zone-1,2025-03-06,41748.15,38215.88
Zone-1,2025-03-16,25831.59,24490.13
Zone-1,2025-02-25,68182.69,65098.61
Zone-1,2025-02-14,54571.75,46963.87
Zone-1,2025-03-30,30310.04,27154.91
Zone-1,2025-03-11,68111.89,59794.25
Zone-1,2025-02-01,60180.94,54894.56
Zone-1,2025-03-02,57647.72,60324.02
Zone-1,2025-03-18,58014.3,52375.64
Zone-1,2025-03-11,38389.5,35630.72
Zone-1,2025-03-08,78030.55,81476.53
Zone-1,2025-03-20,37651.86,32420.64
Zone-1,2025-02-07,69350.88,63015.28
Zone-1,2025-01-31,72767.24,61864.82
Zone-1,2025-03-21,56342.21,54118.85
Zone-1,2025-01-15,53341.05,50916.12
Zone-1,2025-01-30,33617.63,34240.12
Zone-1,2025-03-01,55497.01,56167.73
Zone-1,2025-02-27,34365.62,32085.93
Zone-1,2025-02-24,21179.55,19363.1
Zone-1,2025-03-01,29347.81,25488.36
Zone-1,2025-02-20,35487.74,32015.41
Zone-1,2025-02-13,31194.83,30187.87
Zone-1,2025-01-03,69578.59,72214.41
Zone-1,2025-01-21,40855.33,35789.2
Zone-1,2025-03-15,53674.92,45785.15
Zone-1,2025-02-03,22633.07,20119.13
Zone-1,2025-01-25,42024.86,43834.59
Zone-1,2025-01-25,79764.53,75486.58
Zone-1,2025-03-21,24174.28,22424.13
Zone-1,2025-01-14,72478.39,66311.64
Zone-1,2025-01-22,61888.97,63482.85
Zone-1,2025-02-09,26218.5,24465.5
Zone-1,2025-03-17,60948.82,54132.6
Zone-1,2025-02-18,68167.75,64223.73
Zone-1,2025-01-03,56694.63,58110.56
Zone-1,2025-03-02,22208.21,18920.51
Zone-1,2025-01-21,21578.95,20615.25
Zone-1,2025-03-06,64075.13,67134.37
Zone-1,2025-02-10,24587.93,25362.09
Zone-1,2025-01-31,68649.24,61054.86
Zone-1,2025-01-30,78309.3,71955.28
Zone-1,2025-02-21,41777.47,38140.94
Zone-1,2025-03-21,68733.24,67702.14
Zone-1,2025-03-11,38487.38,40285.88
Zone-1,2025-01-12,75317.62,69359.64
Zone-1,2025-01-24,32264.79,32297.48
Zone-1,2025-01-06,73542.52,75896.25
Zone-1,2025-03-03,49717.35,52172.27
Zone-1,2025-01-21,77284.85,73515.4
Zone-1,2025-03-21,78698.4,74620.92
Zone-1,2025-03-09,50145.53,47055.11
Zone-1,2025-03-01,56386.91,56563.51
Zone-1,2025-02-25,50665.39,49871.21
Zone-1,2025-02-14,78948.94,71643.24
Zone-1,2025-02-21,42387.81,40190.98
Zone-1,2025-02-01,54326.61,49192.54
Zone-1,2025-03-13,20065.51,17293.9
Zone-1,2025-02-01,59542.88,60358.57
Zone-1,2025-02-13,68102.14,64079.45
Zone-1,2025-01-27,33893.31,31216.42
Zone-1,2025-02-20,30437.89,27164.87
Zone-1,2025-03-17,63798.78,60144.37
Zone-1,2025-02-26,24567.41,23667.24
Zone-1,2025-02-23,37799.59,35661.54
Zone-1,2025-03-30,50462.78,49186.99
Zone-1,2025-03-29,42187.11,42514.03
Zone-1,2025-01-19,30645.57,26277.91
Zone-1,2025-03-15,75825.61,79057.55
Zone-1,2025-02-23,28102.73,28486.01
Zone-1,2025-03-21,68467.76,63609.91
Zone-1,2025-01-07,23675.57,20648.4
Zone-1,2025-01-16,56145.36,58305.88
Zone-1,2025-03-19,27029.86,25732.24
Zone-1,2025-02-09,29181.27,27553.05
Zone-1,2025-03-31,72603.66,66837.35
Zone-1,2025-03-03,24418.39,23844.42
Zone-1,2025-03-01,63887.56,56505.21
Zone-1,2025-02-08,78559.16,72709.79
Zone-1,2025-01-06,46276.04,39592.65
Zone-1,2025-01-13,36494.47,37928.33
Zone-1,2025-03-31,33797.18,34049.01
Zone-1,2025-01-10,49535.85,44868.08
Zone-1,2025-03-09,42997.37,41906.77
Zone-1,2025-02-21,38399.96,33400.36
Zone-1,2025-03-25,24800.18,25238.22
Zone-1,2025-03-27,60694.91,62162.41
Zone-1,2025-03-11,65969.24,66806.79
Zone-1,2025-03-16,25002.13,26139.56
Zone-1,2025-02-21,32490.86,29921.57
Zone-1,2025-01-03,50480.01,46235.35
Zone-1,2025-02-14,50432.36,49209.38
Zone-1,2025-01-12,23321.98,19834.48
Zone-1,2025-02-09,72771.3,70831.85
Zone-1,2025-03-06,78766.65,79448.32
Zone-1,2025-03-13,26001.82,25782.44
Zone-1,2025-03-17,47655.13,47151.43
Zone-1,2025-01-14,74146.82,64608.01
Zone-1,2025-03-28,63345.57,65215.69
Zone-1,2025-03-16,27163.59,27903.56
Zone-1,2025-01-13,34009.18,34113.8
Zone-1,2025-01-14,26280.16,26690.99
Zone-1,2025-03-01,53175.27,52200.85
Zone-1,2025-03-11,59453.64,60810.09
Zone-1,2025-02-12,37345.38,36223.26
Zone-1,2025-02-20,58300.84,55181.07
Zone-1,2025-02-08,46830.63,43338.66
Zone-1,2025-01-23,79850.11,71769.94
Zone-1,2025-02-03,44700.07,44974.3
Zone-1,2025-03-22,33603.47,33280.48
Zone-1,2025-03-01,69566.67,65795.31
Zone-1,2025-01-10,40685.79,37501.99
Zone-1,2025-01-07,41682.65,40557.63
Zone-1,2025-03-22,64830.35,59458.83
Zone-1,2025-01-25,48558.35,44575.6
Zone-1,2025-03-01,28218.71,25903.33
Zone-1,2025-02-03,54152.23,50477.79
Zone-1,2025-03-03,77313.66,69000.54
Zone-1,2025-02-15,65087.91,57907.9
Zone-1,2025-03-27,42960.99,45079.28
Zone-1,2025-02-10,79875.78,77634.89
Zone-1,2025-03-31,74949.2,74102.68
Zone-1,2025-03-05,70456.51,72019.88
Zone-1,2025-03-11,34642.03,32393.86
Zone-1,2025-01-18,53081.43,54729.01
Zone-1,2025-03-19,35036.26,32970.66
Zone-1,2025-03-13,29795.22,26114.75
Zone-1,2025-03-15,58226.21,52408.72
Zone-1,2025-01-09,65858.27,68782.0
Zone-1,2025-02-25,55903.22,49880.5
Zone-1,2025-01-30,43307.95,42474.1
Zone-1,2025-02-22,49676.85,52127.76
Zone-1,2025-02-10,62866.84,59662.22
Zone-1,2025-02-12,58326.11,50928.23
Zone-1,2025-02-15,24607.45,22446.04
Zone-1,2025-02-10,43023.07,43790.04
Zone-1,2025-03-30,64200.5,56538.47
Zone-1,2025-03-02,33358.51,30951.51
Zone-1,2025-02-06,62234.32,54189.65
Zone-1,2025-01-01,70770.57,68953.28
Zone-1,2025-02-15,27624.94,24788.42
Zone-1,2025-03-26,65840.39,57219.96
Zone-1,2025-01-12,21042.73,21172.78
Zone-1,2025-03-18,66846.98,61089.69
Zone-1,2025-02-16,74411.12,66450.1
Zone-1,2025-01-01,37286.89,31744.98
Zone-1,2025-02-15,44078.39,38987.07
Zone-1,2025-01-17,60853.6,61301.58
Zone-1,2025-02-23,50353.88,47038.44
Zone-1,2025-02-13,60200.51,59339.15
Zone-1,2025-01-05,33505.18,29531.39
Zone-1,2025-02-18,36722.02,37188.13
Zone-1,2025-02-24,42526.78,44076.14
Zone-1,2025-01-02,71144.16,70763.23
Zone-1,2025-03-11,39489.93,36471.38
Zone-1,2025-02-14,25832.6,27068.61
Zone-1,2025-02-11,51728.93,48519.5
Zone-1,2025-03-30,58522.89,59102.23
Zone-1,2025-02-24,42273.75,42651.23
Zone-1,2025-03-18,34628.22,32581.75
Zone-1,2025-01-15,57356.3,50531.22
Zone-1,2025-03-21,71053.76,66271.2
Zone-1,2025-03-08,62818.94,54503.52
Zone-1,2025-01-06,58930.87,60858.82
Zone-1,2025-03-13,53439.71,48027.01
Zone-1,2025-03-24,33089.36,33323.47
Zone-1,2025-03-29,42666.81,37805.19
Zone-1,2025-03-19,67217.12,58037.53
Zone-1,2025-01-29,55061.37,53083.21
Zone-1,2025-02-01,56305.06,58301.31
Zone-1,2025-01-13,64619.26,56871.79
Zone-1,2025-02-28,29482.5,29797.95
Zone-1,2025-01-18,67705.82,58453.37
Zone-1,2025-01-02,67128.56,57536.79
Zone-1,2025-02-07,28052.0,28999.97
Zone-1,2025-03-24,26633.11,23331.88
Zone-1,2025-01-13,76004.54,78086.07
Zone-1,2025-01-03,54269.52,52164.48
Zone-1,2025-03-04,53563.74,46802.85
Zone-1,2025-02-16,28176.92,24587.04
Zone-1,2025-01-11,27967.94,28476.9
Zone-1,2025-01-27,53344.16,53349.11
Zone-1,2025-02-28,60665.96,59947.96
Zone-1,2025-03-15,43735.19,37521.33
Zone-1,2025-02-24,74169.51,72779.62
Zone-1,2025-01-23,50664.35,47617.77
Zone-1,2025-03-09,59985.56,57271.82
Zone-1,2025-01-08,49678.27,51531.51
Zone-1,2025-02-22,56004.95,55750.17
Zone-1,2025-02-04,43962.37,41955.95
Zone-1,2025-03-27,59479.92,51919.38
Zone-1,2025-01-25,33180.55,33923.3
Zone-1,2025-01-16,72578.09,72318.9
Zone-1,2025-02-04,64153.33,57606.38
Zone-1,2025-02-25,64327.51,56797.97
Zone-1,2025-01-29,58110.82,60171.41
Zone-1,2025-03-28,63269.62,61954.28
Zone-1,2025-03-10,41915.37,42189.35
Zone-1,2025-02-13,71834.5,64770.87
Zone-1,2025-02-16,48104.02,43364.51
Zone-1,2025-02-16,30975.49,30354.45
Zone-1,2025-03-21,38015.23,35749.88
Zone-1,2025-02-06,30752.44,31262.62
Zone-1,2025-01-04,35391.04,31546.4
Zone-1,2025-01-21,72719.27,62350.96
Zone-1,2025-01-30,32906.3,31944.31
Zone-1,2025-02-24,32989.64,28198.27
Zone-1,2025-02-25,52999.73,52942.37
Zone-1,2025-01-31,20105.17,17633.74
Zone-1,2025-02-28,76089.01,67894.6
Zone-1,2025-01-14,49501.56,48045.54
Zone-1,2025-02-10,47493.23,47633.83
Zone-1,2025-01-26,47509.03,42887.5
Zone-1,2025-02-24,56531.06,54841.46
Zone-1,2025-02-13,45522.72,43782.56
Zone-1,2025-02-10,25465.7,25767.51
Zone-1,2025-02-18,43385.39,39705.47
Zone-1,2025-02-28,43828.71,42860.23
Zone-1,2025-01-06,50398.91,44432.15
Zone-1,2025-01-11,63969.94,60464.87
Zone-1,2025-03-20,20145.77,17765.42
Zone-1,2025-01-12,22577.71,22766.05
Zone-1,2025-02-08,68259.44,68441.83
Zone-1,2025-03-21,41885.2,41808.62
Zone-1,2025-03-08,60346.5,58451.26
Zone-1,2025-01-23,71262.17,70866.25
Zone-1,2025-02-18,44911.66,45644.91
Zone-1,2025-03-07,53325.04,55317.51
Zone-1,2025-03-13,54489.87,57205.03
Zone-1,2025-01-26,53230.8,53523.39
Zone-1,2025-03-30,43650.38,39533.39
Zone-1,2025-02-17,42095.61,38889.54
Zone-1,2025-01-14,28917.04,29423.75
Zone-1,2025-03-23,27415.98,28246.11
Zone-1,2025-03-05,62915.76,56323.36
Zone-1,2025-03-27,27295.57,24813.4
Zone-1,2025-02-04,65094.18,62688.55
Zone-1,2025-01-04,41949.65,39206.74
Zone-1,2025-01-18,67296.14,65506.07
Zone-1,2025-02-26,21757.07,21176.6
Zone-1,2025-03-05,38542.03,36318.45
Zone-1,2025-02-13,50776.83,43364.58
Zone-1,2025-03-07,53398.14,55560.56
Zone-1,2025-01-11,21614.55,20370.0
Zone-1,2025-03-15,53896.24,53670.19
Zone-1,2025-02-01,70722.15,64039.49
Zone-1,2025-02-17,26014.19,24527.29
Zone-1,2025-03-16,23504.59,24478.41
Zone-1,2025-01-24,23325.56,20892.51
Zone-1,2025-01-22,25273.32,22953.44
Zone-1,2025-01-31,52995.73,52973.98
Zone-1,2025-01-19,32738.96,28291.86
Zone-1,2025-03-24,52432.21,49483.76
Zone-1,2025-02-13,43572.15,43243.78
Zone-1,2025-03-12,43987.84,39198.07
Zone-1,2025-02-18,42199.76,42035.37
Zone-1,2025-01-21,67637.43,63243.11
Zone-1,2025-01-15,67602.96,57789.41
Zone-1,2025-03-27,28422.12,24847.31
Zone-1,2025-02-01,59103.36,55606.57
Zone-1,2025-01-01,32528.95,28468.02
Zone-1,2025-02-27,62487.0,55133.26
Zone-1,2025-02-17,63375.95,55028.18
Zone-1,2025-02-03,30232.96,30424.17
Zone-1,2025-03-21,73634.73,72198.58
Zone-1,2025-01-17,20641.69,18762.39
Zone-1,2025-02-19,33112.2,29530.95
Zone-1,2025-02-21,27285.49,24057.31
Zone-1,2025-03-09,42879.57,39221.29
Zone-1,2025-02-07,70622.33,63724.43
Zone-1,2025-02-24,39798.88,38708.54
Zone-1,2025-01-10,66288.75,56943.86
Zone-1,2025-03-24,26419.13,22534.3
Zone-1,2025-01-01,38673.04,34678.28
Zone-1,2025-03-28,54684.86,49171.67
Zone-1,2025-01-08,63122.35,57001.37
Zone-1,2025-02-08,68981.21,66530.01
Zone-1,2025-01-29,46190.08,48379.0
Zone-1,2025-01-11,57055.76,54929.48
Zone-1,2025-01-05,32003.3,30803.04
Zone-1,2025-03-29,30799.26,27509.62
Zone-1,2025-02-24,73211.57,67478.75
Zone-1,2025-01-06,78665.83,67683.63
Zone-1,2025-01-22,26979.13,24439.41
Zone-1,2025-03-14,52046.32,50353.09
Zone-1,2025-01-22,56823.38,51421.06
Zone-1,2025-02-16,59635.9,54160.14
Zone-1,2025-02-18,62651.69,63802.29
Zone-1,2025-03-16,77424.34,80836.99
Zone-1,2025-03-27,40587.82,37609.31
Zone-1,2025-01-03,67974.28,71020.66
Zone-1,2025-03-24,34355.77,34398.89
Zone-1,2025-02-23,57363.48,50789.66
Zone-1,2025-03-09,72453.11,74207.43
Zone-1,2025-01-02,79998.76,68681.88
Zone-1,2025-01-30,26927.31,24470.42
Zone-1,2025-01-17,76969.27,75147.77
Zone-1,2025-01-08,23660.77,24016.54
Zone-1,2025-03-14,51983.35,48981.5
Zone-1,2025-02-19,79478.47,80698.73
Zone-1,2025-02-07,40843.49,35440.08
Zone-1,2025-02-01,75690.94,66809.15
Zone-1,2025-02-17,42249.35,36717.14
Zone-1,2025-01-22,37172.28,37453.88
Zone-1,2025-02-17,42748.74,43389.85
Zone-1,2025-02-21,57169.23,58318.94
Zone-1,2025-03-15,21050.2,21333.05
Zone-1,2025-03-28,24458.43,24872.12
Zone-1,2025-02-04,23561.55,23568.14
Zone-1,2025-02-28,43274.84,39009.36
Zone-1,2025-03-28,30838.48,27017.26
Zone-1,2025-02-04,73427.51,72151.47
Zone-1,2025-01-07,59599.28,56632.82
Zone-1,2025-01-10,76736.69,68971.67
Zone-1,2025-02-27,22030.52,21734.85
Zone-1,2025-01-21,60560.25,53679.41
Zone-1,2025-02-21,52425.88,45165.88
Zone-1,2025-01-17,79522.18,67639.02
Zone-1,2025-01-14,79049.75,70818.73
Zone-1,2025-01-23,40665.53,37906.36
Zone-1,2025-02-28,56485.68,57222.95
Zone-1,2025-02-23,78516.66,77089.34
Zone-1,2025-01-02,69447.21,64424.53
Zone-1,2025-01-14,24668.78,21849.49
Zone-1,2025-01-28,58329.97,52246.87
Zone-1,2025-03-01,21587.28,19759.29
Zone-1,2025-03-13,38775.49,32963.07
Zone-1,2025-01-22,71466.6,63286.76
Zone-1,2025-03-10,69196.21,64364.12
Zone-1,2025-01-11,29741.19,30700.73
Zone-1,2025-03-12,35463.51,31193.67
Zone-1,2025-03-05,24129.98,22321.36
Zone-1,2025-01-19,62987.3,57259.74
Zone-1,2025-03-28,63079.42,58702.21
Zone-1,2025-03-19,29565.09,27255.25
Zone-1,2025-02-11,23563.1,22823.77
Zone-1,2025-02-04,72729.36,67886.53
Zone-1,2025-03-15,48776.42,49274.17
Zone-1,2025-02-17,26429.37,26725.94
Zone-1,2025-02-14,22839.64,21735.92
Zone-1,2025-03-19,70265.67,69563.83
Zone-1,2025-02-06,20722.52,19100.57
Zone-1,2025-02-27,77437.13,75782.79
Zone-1,2025-03-04,74645.5,72191.07
Zone-1,2025-03-27,66105.78,67103.02
Zone-1,2025-03-17,37222.78,35526.03
Zone-1,2025-02-28,50867.09,49822.81
Zone-1,2025-03-18,20946.96,21482.05
Zone-1,2025-02-10,24301.1,25459.41
Zone-1,2025-01-19,36437.65,34399.75
Zone-1,2025-01-30,61376.22,53134.0
Zone-1,2025-01-18,35241.84,34338.28
Zone-1,2025-03-22,62966.99,54489.37
Zone-1,2025-03-10,58561.69,54613.98
Zone-1,2025-03-07,63315.92,59009.15
Zone-1,2025-01-05,75460.43,77889.09
Zone-1,2025-02-19,27830.5,29014.65
Zone-1,2025-03-28,55425.18,56892.12
Zone-1,2025-02-09,63160.69,58285.84
Zone-1,2025-01-28,57637.62,49677.32
Zone-1,2025-03-26,49992.0,44227.46
Zone-1,2025-03-09,28701.25,26151.67
Zone-1,2025-01-17,58899.41,59248.4
Zone-1,2025-01-13,48464.35,43538.79
Zone-1,2025-03-06,54643.4,49703.1
Zone-1,2025-03-24,40203.58,35440.23
Zone-1,2025-02-16,61922.0,56141.25
Zone-1,2025-01-30,48938.02,46567.29
Zone-1,2025-01-04,20928.16,21908.32
Zone-1,2025-02-10,26808.13,24280.28
Zone-1,2025-01-13,34061.03,30376.59
Zone-1,2025-02-01,26610.73,27669.72
Zone-1,2025-03-19,30081.17,30016.17
Zone-1,2025-02-07,68831.36,67816.19
Zone-1,2025-03-09,73473.48,67917.55
Zone-1,2025-01-15,29745.63,29611.75
Zone-1,2025-03-18,39907.32,36936.5
Zone-1,2025-02-07,35629.62,35895.52
Zone-1,2025-03-19,53217.88,53798.76
Zone-1,2025-02-02,43387.57,42106.87
Zone-1,2025-01-31,76105.19,78632.65
Zone-1,2025-02-25,27584.67,23739.2
Zone-1,2025-03-16,47972.18,41325.02
Zone-1,2025-01-07,43956.39,42617.94
Zone-1,2025-01-15,60865.28,56254.53
Zone-1,2025-03-03,21101.97,18063.23
Zone-1,2025-03-03,67412.33,59515.77
Zone-1,2025-01-30,47470.67,43427.32
Zone-1,2025-03-18,44532.26,39780.24
Zone-1,2025-03-22,77029.58,65597.89
Zone-1,2025-01-17,73933.63,63023.41
Zone-1,2025-01-28,62059.38,60854.62
Zone-1,2025-01-30,78979.27,76610.59
Zone-1,2025-02-17,45835.41,46968.9
Zone-1,2025-03-03,47452.48,43418.64
Zone-1,2025-03-30,30265.3,26083.78
Zone-1,2025-02-24,38265.01,39043.32
Zone-1,2025-02-20,33107.98,33614.06
Zone-1,2025-01-15,53344.33,55470.26
Zone-1,2025-03-27,53182.36,47027.95
Zone-1,2025-02-12,38230.58,33421.59
Zone-1,2025-01-03,73385.03,64193.99
Zone-1,2025-01-24,35784.14,34141.08
Zone-1,2025-02-06,44480.77,39210.46
Zone-1,2025-03-25,75416.99,75321.12
Zone-1,2025-03-19,29942.89,28112.87
Zone-1,2025-03-08,69166.38,72506.26
Zone-1,2025-02-01,22116.79,20468.07
Zone-1,2025-03-03,38472.54,38173.19
Zone-1,2025-02-19,72106.36,62279.42
Zone-1,2025-03-14,28451.96,28177.81
Zone-1,2025-02-23,58789.16,52190.32
Zone-1,2025-02-16,63981.57,65674.62
Zone-1,2025-03-01,26609.58,22792.4
Zone-1,2025-03-11,36972.87,34777.5
Zone-1,2025-02-05,45811.24,44809.12
Zone-1,2025-03-18,38912.21,37624.83
Zone-1,2025-03-31,75003.54,70474.42
Zone-1,2025-01-19,63905.74,66589.28
Zone-1,2025-03-27,27452.04,24171.0
Zone-1,2025-02-08,59819.76,55755.84
Zone-1,2025-03-13,69827.96,65332.87
Zone-1,2025-02-05,75101.89,68773.56
Zone-1,2025-01-27,53854.98,47197.73
Zone-1,2025-01-05,59516.59,59873.84
Zone-1,2025-01-30,50695.54,51840.0
Zone-1,2025-03-04,45594.78,47726.78
Zone-1,2025-03-10,28239.43,24928.32
Zone-1,2025-01-15,24124.65,21173.77
Zone-1,2025-01-25,73812.37,62799.03
Zone-1,2025-01-23,74945.43,78416.35
Zone-1,2025-03-31,35273.52,33560.04
Zone-1,2025-01-05,77049.82,68520.28
Zone-1,2025-01-31,25105.55,21833.69
Zone-1,2025-01-17,52118.24,48696.33
Zone-1,2025-03-23,52446.1,48121.6
Zone-1,2025-03-25,45698.41,43935.25
Zone-1,2025-01-04,74071.4,76408.65
Zone-1,2025-03-25,23632.01,22448.89
Zone-1,2025-01-19,75147.9,71856.84
Zone-1,2025-03-12,35428.95,35839.01
Zone-1,2025-01-08,58632.95,60553.71
Zone-1,2025-01-05,48673.61,42700.47
Zone-1,2025-02-14,26644.56,24216.77
Zone-1,2025-02-15,34033.64,35084.13
Zone-1,2025-02-28,52137.02,51289.72
Zone-1,2025-01-08,61119.42,57838.1
Zone-1,2025-02-04,28773.72,26995.43
Zone-1,2025-01-23,37819.29,37508.21
Zone-1,2025-02-21,55972.46,47615.44
Zone-1,2025-03-26,28258.7,25150.42
Zone-1,2025-03-03,76914.53,76914.27
Zone-1,2025-02-24,48399.6,41769.73
Zone-1,2025-02-22,45106.52,38550.54
Zone-1,2025-02-16,27909.7,28139.46
Zone-1,2025-01-24,62982.59,64934.27
Zone-1,2025-02-03,73276.66,65571.45
Zone-1,2025-02-17,69377.97,65555.9
Zone-1,2025-03-29,72956.08,71152.75
Zone-1,2025-02-24,40568.3,42219.54
Zone-1,2025-02-28,49266.23,49747.5
Zone-1,2025-03-17,69048.76,61062.99
Zone-1,2025-03-08,34725.16,32950.37
Zone-1,2025-02-09,25529.66,25329.87
Zone-1,2025-03-28,57892.0,55806.14
Zone-1,2025-03-12,47080.91,42448.7
Zone-1,2025-01-12,71938.31,63067.8
Zone-1,2025-02-10,20555.03,18216.3
Zone-1,2025-02-03,44142.2,44641.22
Zone-1,2025-03-09,63757.02,56076.64
Zone-1,2025-03-27,21482.27,21229.94
Zone-1,2025-03-08,77470.9,81052.81
Zone-1,2025-01-19,26855.59,25575.72
Zone-1,2025-01-26,67351.69,68733.88
Zone-1,2025-01-30,37269.02,32216.97
Zone-1,2025-02-18,22918.0,22052.43
Zone-1,2025-03-03,24081.22,23430.43
Zone-1,2025-01-23,20465.39,20700.07
Zone-1,2025-03-06,57374.04,56379.08
Zone-1,2025-01-17,57511.82,55383.09
Zone-1,2025-01-31,57245.57,58733.19
Zone-1,2025-02-24,37799.28,35285.37
Zone-1,2025-02-16,51639.59,44107.32
Zone-1,2025-03-27,59487.25,55092.46
Zone-1,2025-03-05,33914.29,35446.97
Zone-1,2025-03-13,31860.93,30831.98
Zone-1,2025-03-15,28335.29,27508.96
Zone-1,2025-02-28,62821.64,61885.05
Zone-1,2025-02-12,54303.98,53507.09
Zone-1,2025-01-09,49472.6,51923.33
Zone-1,2025-02-25,25171.53,21417.17
Zone-1,2025-01-11,54533.5,52169.26
Zone-1,2025-03-17,43270.47,36940.88
Zone-1,2025-02-26,55789.71,52890.94
Zone-1,2025-01-24,77954.16,73206.2
Zone-1,2025-01-26,36510.23,33286.41
Zone-1,2025-01-29,55545.8,50999.22
Zone-1,2025-01-08,46808.31,42584.96
Zone-1,2025-02-12,37726.15,35008.94
Zone-1,2025-01-20,66247.27,56743.96
Zone-1,2025-03-08,48576.07,48338.68
Zone-1,2025-01-01,61499.62,60245.01
Zone-1,2025-03-16,59399.19,56018.52
Zone-1,2025-02-28,55549.49,56455.67
Zone-1,2025-01-18,77751.05,76767.92
Zone-1,2025-01-10,50167.47,49762.8
Zone-1,2025-02-05,27670.99,28354.79
Zone-1,2025-01-23,59955.0,58438.73
Zone-1,2025-02-16,71943.01,69127.44
Zone-1,2025-02-26,62383.18,59166.98
Zone-1,2025-01-06,55181.48,54037.05
Zone-1,2025-01-17,56595.16,49035.59
Zone-1,2025-02-09,32563.28,32079.84
Zone-1,2025-02-16,77266.29,73921.29
Zone-1,2025-03-30,30516.42,27741.35
Zone-1,2025-02-27,41072.27,40764.81
Zone-1,2025-02-11,34071.33,32416.92
Zone-1,2025-02-28,41649.42,38847.1
Zone-1,2025-03-13,35243.37,32289.58
Zone-1,2025-01-18,45267.53,45446.39
Zone-1,2025-03-02,77022.08,70692.0
Zone-1,2025-03-19,33101.05,32420.63
Zone-1,2025-01-19,49547.92,51223.72
Zone-1,2025-02-24,69731.23,62321.6
Zone-1,2025-02-28,42459.02,40110.29
Zone-1,2025-01-02,41155.36,38401.02
Zone-1,2025-02-16,56011.1,50326.7
Zone-1,2025-03-04,49507.31,46846.94
Zone-1,2025-02-23,35407.05,30176.34
Zone-1,2025-01-29,66027.59,59002.95
Zone-1,2025-02-24,32037.31,27652.13
Zone-1,2025-02-04,38337.12,39521.44
Zone-1,2025-02-10,29324.16,27968.93
Zone-1,2025-01-27,67749.29,69461.18
Zone-1,2025-03-16,40668.29,34831.1
Zone-1,2025-03-14,56165.84,48052.12
Zone-1,2025-03-03,67212.4,68968.3
Zone-1,2025-01-18,29254.4,30379.51
Zone-1,2025-03-22,55737.38,49045.16
Zone-1,2025-01-19,66289.14,66685.74
Zone-1,2025-02-24,33461.5,33883.77
Zone-1,2025-03-07,50836.47,46873.77
Zone-1,2025-02-16,33764.77,35036.28
Zone-1,2025-03-09,78473.5,80946.8
Zone-1,2025-03-04,68207.89,61653.87
Zone-1,2025-01-05,71522.13,68660.65
Zone-1,2025-01-06,46017.33,45003.55
Zone-1,2025-01-29,60021.23,62965.26
Zone-1,2025-02-27,41122.71,40970.35
Zone-1,2025-01-08,69286.91,67406.12
Zone-1,2025-01-15,20797.47,20268.14
Zone-1,2025-03-08,57639.88,55624.83
Zone-1,2025-01-17,54962.71,56577.69
Zone-1,2025-02-04,41425.69,35983.91
Zone-1,2025-02-05,73961.51,62907.21
Zone-1,2025-03-25,55226.69,53791.15
Zone-1,2025-03-31,21884.25,20356.41
Zone-1,2025-01-28,61377.52,59194.25
Zone-1,2025-02-19,64359.68,54746.32
Zone-1,2025-02-23,50984.12,46909.72
Zone-1,2025-02-13,34261.44,34250.98
Zone-1,2025-03-20,60483.56,62910.41
Zone-1,2025-03-30,40372.0,38912.95
Zone-1,2025-03-09,39408.1,37506.63
Zone-1,2025-01-14,52895.54,48965.61
Zone-1,2025-01-23,63431.4,58567.57
Zone-1,2025-03-20,31745.15,28389.93
Zone-1,2025-01-04,51354.02,51153.72
Zone-1,2025-03-21,35004.92,33195.71
Zone-1,2025-01-22,46761.15,42048.32
Zone-1,2025-01-30,44793.92,46225.1
Zone-1,2025-03-08,76480.5,74069.08
Zone-1,2025-01-21,68299.29,65922.66
Zone-1,2025-02-01,43174.32,38906.3
Zone-1,2025-01-17,46055.95,40079.47
Zone-1,2025-03-17,26521.49,23804.63
Zone-1,2025-01-18,25114.78,23130.9
Zone-1,2025-01-08,57521.7,54864.46
Zone-1,2025-03-31,56074.91,52963.03
Zone-1,2025-02-23,67857.63,60302.28
Zone-1,2025-03-31,41942.68,35843.24
Zone-1,2025-02-08,54847.73,47155.19
Zone-1,2025-02-25,59180.16,57192.39
Zone-1,2025-03-01,29390.63,26577.39
Zone-1,2025-02-28,23834.01,20586.28
Zone-1,2025-02-24,40365.78,34388.27
Zone-1,2025-03-25,39024.33,35225.99
Zone-1,2025-01-25,37617.3,38744.57
Zone-1,2025-03-04,26602.47,23362.84
Zone-1,2025-03-07,63325.46,58750.7
Zone-1,2025-01-27,47496.92,46550.7
Zone-1,2025-01-11,66403.88,60458.55
Zone-1,2025-03-11,62316.65,63174.42
Zone-1,2025-03-22,37641.52,33200.57
Zone-1,2025-02-15,68302.51,65679.67
Zone-1,2025-03-28,24407.18,23390.46
Zone-1,2025-03-11,53120.19,55259.14
Zone-1,2025-03-05,78697.66,70375.16
Zone-1,2025-02-12,26088.14,23990.75
Zone-1,2025-01-26,47218.42,49407.59
Zone-1,2025-02-22,53544.51,45543.93
Zone-1,2025-02-12,66586.55,59222.98
Zone-1,2025-03-28,52000.0,50135.86
Zone-1,2025-01-13,34215.52,35695.06
Zone-1,2025-03-18,27404.22,26995.95
Zone-1,2025-01-19,47649.05,46502.08
Zone-1,2025-01-23,66771.49,66080.64
Zone-1,2025-01-08,55371.44,56175.93
Zone-1,2025-03-31,73863.96,75053.98
Zone-1,2025-03-29,30739.07,27834.31
Zone-1,2025-01-04,34293.06,29315.33
Zone-1,2025-02-23,23024.57,22954.98
Zone-1,2025-02-26,25371.49,22133.02
Zone-1,2025-02-22,36174.88,37415.29
Zone-1,2025-01-20,48818.24,45876.26
Zone-1,2025-01-22,71436.19,69110.23
Zone-1,2025-01-21,58419.12,60199.59
Zone-1,2025-03-11,30631.93,29028.16
Zone-1,2025-03-26,39992.54,41068.76
Zone-1,2025-01-26,58390.16,51259.74
Zone-1,2025-01-18,65167.47,59232.33
Zone-1,2025-02-26,67592.72,58440.64
Zone-1,2025-03-30,75304.87,70793.03
Zone-1,2025-03-02,40911.2,35193.78
Zone-1,2025-02-25,47297.76,41143.62
Zone-1,2025-03-05,61138.64,52958.93
Zone-1,2025-03-30,79797.16,70199.32
Zone-1,2025-03-25,25376.05,22928.67
Zone-1,2025-02-10,78727.23,68747.89
Zone-1,2025-01-23,41933.94,37238.44
Zone-1,2025-02-16,62229.76,54737.13
Zone-1,2025-02-11,38898.44,39357.51
Zone-1,2025-02-24,47821.02,48398.06
Zone-1,2025-02-26,37499.63,38162.72
Zone-1,2025-03-05,41891.09,43247.82
Zone-1,2025-02-14,50118.8,49574.29
Zone-1,2025-03-19,26176.19,22868.23
Zone-1,2025-02-14,73371.94,67183.78
Zone-1,2025-02-28,65855.5,63939.59
Zone-1,2025-01-15,51541.56,51707.58
Zone-1,2025-01-24,53974.49,53856.78
Zone-1,2025-02-28,29853.85,30918.06
Zone-1,2025-01-07,79885.48,72392.22
Zone-1,2025-02-18,36436.01,31233.26
Zone-1,2025-02-25,77637.88,69099.45
Zone-1,2025-02-15,66486.48,65226.5
Zone-1,2025-03-27,44279.73,40437.44
Zone-1,2025-01-31,20435.63,20910.59
Zone-1,2025-01-01,55433.07,52187.61
Zone-1,2025-01-23,37934.86,32547.11
Zone-1,2025-01-04,39060.23,34003.83
Zone-1,2025-01-24,74010.69,65355.77
Zone-1,2025-02-11,71121.04,69145.69
Zone-1,2025-01-22,24349.35,23512.44
Zone-1,2025-02-16,31499.38,29635.7
Zone-1,2025-03-15,21583.45,19889.87
Zone-1,2025-02-21,48629.33,44348.99
Zone-1,2025-01-20,35704.99,34989.49
Zone-1,2025-03-05,37053.03,36819.63
Zone-1,2025-01-22,63048.93,53987.33
Zone-1,2025-03-02,54208.35,54540.17
Zone-1,2025-03-23,20597.74,21041.07
Zone-1,2025-01-30,58633.04,53242.99
Zone-1,2025-01-01,77214.55,67382.7
Zone-1,2025-03-25,76980.48,71709.53
Zone-1,2025-03-03,77000.62,69570.33
Zone-1,2025-02-05,38218.75,38742.95
Zone-1,2025-03-06,72461.14,66888.82
Zone-1,2025-01-29,40936.0,42426.94
Zone-1,2025-01-12,60530.2,55281.46
Zone-1,2025-03-25,20123.03,20726.26
Zone-1,2025-03-22,75795.02,73803.35
Zone-1,2025-01-11,38201.3,35896.74
Zone-1,2025-03-01,35769.84,32899.61
Zone-1,2025-03-20,39573.0,37111.25
Zone-1,2025-01-29,65967.29,61476.7
Zone-1,2025-01-24,30547.1,27315.38
Zone-1,2025-01-28,64052.16,58515.05
Zone-1,2025-01-11,57660.76,50176.61
Zone-1,2025-02-06,58179.57,56347.4
Zone-1,2025-01-30,74965.3,74026.45
Zone-1,2025-01-27,53490.55,54929.76
Zone-1,2025-02-12,70871.43,69733.09
Zone-1,2025-03-12,25388.98,24939.02
Zone-1,2025-03-19,64757.67,65712.38
Zone-1,2025-01-29,35106.15,35279.33
Zone-1,2025-03-19,39715.29,34725.17
Zone-1,2025-01-15,58802.79,61475.12
Zone-1,2025-03-23,64060.81,56341.3
Zone-1,2025-01-09,71899.33,61601.94
Zone-1,2025-03-17,39002.94,34438.19
Zone-1,2025-03-25,35401.46,36628.55
Zone-1,2025-03-15,23517.41,20162.65
Zone-1,2025-01-04,47409.68,41649.36
Zone-1,2025-03-19,43954.8,45644.64
Zone-1,2025-01-15,73497.19,64806.35
Zone-1,2025-01-10,55400.91,56780.33
Zone-1,2025-01-13,24710.19,23655.92
Zone-1,2025-01-28,61784.58,60790.28
Zone-1,2025-03-22,44344.82,43076.03
Zone-1,2025-03-25,24887.18,23786.84
Zone-1,2025-01-06,58113.5,51318.1
Zone-1,2025-02-23,31233.58,32292.67
Zone-1,2025-01-29,48402.92,45534.38
Zone-1,2025-02-28,57683.86,49727.13
Zone-1,2025-01-20,50517.08,45630.74
Zone-1,2025-01-28,62151.17,60026.97
Zone-1,2025-03-18,72622.23,66975.67
Zone-1,2025-02-14,48297.33,45330.41
Zone-1,2025-02-26,31910.67,28440.45
Zone-1,2025-03-03,59757.9,60362.14
Zone-1,2025-03-15,41962.82,36747.42
Zone-1,2025-02-05,27320.56,23584.91
Zone-1,2025-03-15,40513.53,36561.82
Zone-1,2025-03-20,54001.07,55360.42
Zone-1,2025-01-08,46525.8,40654.27
Zone-1,2025-01-18,75095.8,64281.79
Zone-1,2025-01-02,35563.54,36820.14
Zone-1,2025-02-21,60972.44,63447.12
Zone-1,2025-02-07,65388.12,58833.93
Zone-1,2025-01-11,46048.6,47956.15
Zone-1,2025-01-28,62996.6,66072.12
Zone-1,2025-02-17,61188.11,54458.35
Zone-1,2025-01-28,43515.17,43809.33
Zone-1,2025-02-27,65972.17,56540.91
Zone-1,2025-01-23,58984.17,55500.79
Zone-1,2025-02-11,68734.55,68108.43
Zone-1,2025-03-27,77755.79,78497.51
Zone-1,2025-03-05,46559.33,44536.06
Zone-1,2025-01-09,58861.1,57445.44
Zone-1,2025-01-21,65083.79,59341.81
Zone-1,2025-01-10,63866.84,55765.72
Zone-1,2025-01-22,39810.45,40646.02
Zone-1,2025-02-09,70850.25,67264.0
Zone-1,2025-01-23,28202.25,27688.25
Zone-1,2025-01-31,55196.21,49776.63
Zone-1,2025-02-03,24203.63,21404.16
Zone-1,2025-02-25,55608.42,50725.31
Zone-1,2025-01-19,30874.34,30032.59
Zone-1,2025-02-08,75076.18,69321.53
Zone-1,2025-03-04,50132.16,48868.4
Zone-1,2025-01-06,36820.98,36771.3
Zone-1,2025-01-24,23173.2,21261.11
Zone-1,2025-01-26,23719.32,23971.85
Zone-1,2025-01-27,59945.86,59508.89
Zone-1,2025-01-10,43912.04,43170.9
Zone-1,2025-01-23,60900.09,55205.0
Zone-1,2025-02-10,76755.18,76981.33
Zone-1,2025-03-25,27952.17,27557.46
Zone-1,2025-03-27,41578.02,40806.04
Zone-1,2025-02-03,48916.68,41600.32
Zone-1,2025-01-17,35861.62,30648.21
Zone-1,2025-02-18,59822.93,56689.84
Zone-1,2025-02-10,39873.82,38338.08
Zone-1,2025-01-21,71274.56,70321.55
Zone-1,2025-02-14,56303.73,50568.76
Zone-1,2025-01-30,33367.69,34468.8
Zone-1,2025-02-15,49831.27,43279.41
Zone-1,2025-01-11,28240.65,26845.67
Zone-1,2025-02-01,64166.97,56409.04
Zone-1,2025-03-26,60086.78,56039.32
Zone-1,2025-03-10,67895.86,58487.73
Zone-1,2025-03-04,68165.24,64791.12
Zone-1,2025-02-04,48890.33,43549.28
Zone-1,2025-02-28,43197.69,39427.31
Zone-1,2025-03-22,24141.59,21188.76
Zone-1,2025-01-05,27317.16,27506.84
Zone-1,2025-03-26,59133.05,55868.31
Zone-1,2025-03-04,59766.19,62549.5
Zone-1,2025-02-02,24389.77,20734.75
Zone-1,2025-03-03,22670.8,20304.03
Zone-1,2025-03-03,61345.79,61514.75
Zone-1,2025-03-31,35590.34,35100.13
Zone-1,2025-01-13,79083.81,73525.8
Zone-1,2025-02-14,62893.64,55163.9
Zone-1,2025-03-04,38566.64,39765.08
Zone-1,2025-01-29,44392.81,38867.32
Zone-1,2025-01-17,56424.15,55779.19
Zone-1,2025-01-23,26564.02,26230.34
Zone-1,2025-03-21,22166.79,20472.81
Zone-1,2025-02-15,50130.08,43017.64
Zone-1,2025-01-30,46423.68,47281.81
Zone-1,2025-01-07,49926.04,52105.5
Zone-1,2025-02-08,40145.64,36742.78
Zone-1,2025-03-28,27325.45,26287.52
Zone-1,2025-03-15,62639.72,60800.33
Zone-1,2025-01-14,67426.61,66464.15
Zone-1,2025-02-13,29337.14,26069.15
Zone-1,2025-03-07,72098.18,62417.91
Zone-1,2025-03-01,50919.68,49172.71
Zone-1,2025-03-19,66045.09,61276.57
Zone-1,2025-01-25,41163.66,36673.93
Zone-1,2025-01-21,70889.75,60284.96
Zone-1,2025-01-25,41909.14,37246.26
Zone-1,2025-01-27,73731.61,68485.28
Zone-1,2025-01-19,36206.04,33401.54
Zone-1,2025-02-04,26042.07,23441.28
Zone-1,2025-01-20,41109.91,38679.76
Zone-1,2025-03-03,26456.85,25875.66
Zone-1,2025-01-24,67634.21,60699.49
Zone-1,2025-02-16,57138.17,57016.72
Zone-1,2025-03-19,39076.44,38460.61
Zone-1,2025-03-10,30897.79,29402.74
Zone-1,2025-03-29,32030.39,31873.19
Zone-1,2025-01-20,42572.81,42059.77
Zone-1,2025-01-22,32890.12,29197.66
Zone-1,2025-02-07,73001.93,64413.62
Zone-1,2025-01-08,32707.15,30967.4
Zone-1,2025-02-26,46806.51,47849.37
Zone-1,2025-01-06,72192.38,61917.05
Zone-1,2025-01-16,79444.3,79637.63
Zone-1,2025-02-13,70582.37,69606.94
Zone-1,2025-03-13,75767.99,70212.54
Zone-1,2025-03-05,45099.2,42462.66
Zone-1,2025-03-29,42815.06,36563.1
Zone-1,2025-03-30,58531.73,52959.33
Zone-1,2025-01-11,51500.11,53108.9
Zone-1,2025-02-09,32448.9,32389.26
Zone-1,2025-01-28,44112.22,41758.73
Zone-1,2025-01-01,55035.77,48433.35
Zone-1,2025-01-18,78555.2,81288.24
Zone-1,2025-01-01,32094.0,30900.41
Zone-1,2025-02-08,56471.58,48259.12
Zone-1,2025-02-16,53269.58,46778.34
Zone-1,2025-03-23,40773.27,42528.16
Zone-1,2025-01-28,64676.6,64665.31
Zone-1,2025-01-07,54471.56,50685.79
Zone-1,2025-01-30,32040.22,28990.63
Zone-1,2025-03-21,35314.3,32698.31
Zone-1,2025-03-28,73985.83,67750.73
Zone-1,2025-02-10,65710.38,64480.08
Zone-1,2025-02-26,39461.53,33619.31
Zone-1,2025-02-02,43983.72,40677.22
Zone-1,2025-03-25,49684.1,44401.2
Zone-1,2025-02-08,56574.76,54032.44
Zone-1,2025-03-06,65280.18,64334.26
Zone-1,2025-01-19,73936.44,65091.01
Zone-1,2025-02-05,25309.92,26443.45
Zone-1,2025-02-23,22011.69,19843.68
Zone-1,2025-01-13,55473.29,50355.89
Zone-1,2025-02-16,45057.53,47239.35
Zone-1,2025-01-06,37295.61,39056.77
Zone-1,2025-03-20,46938.96,44966.42
Zone-1,2025-02-09,34729.76,32918.02
Zone-1,2025-03-05,70110.86,66203.08
Zone-1,2025-02-17,48670.82,42745.83
Zone-1,2025-02-26,77569.63,72169.78
Zone-1,2025-03-09,60155.07,55988.55
Zone-1,2025-03-10,58331.65,59444.4
Zone-1,2025-01-03,71555.89,69270.95
Zone-1,2025-03-23,23585.87,20352.24
Zone-1,2025-02-20,24406.09,20828.77
Zone-1,2025-03-07,65090.4,56120.69
Zone-1,2025-03-14,43569.86,41176.93
Zone-1,2025-01-23,43844.64,45578.55
Zone-1,2025-03-05,20146.96,17271.13
Zone-1,2025-01-20,61515.14,57349.85
Zone-1,2025-01-11,22210.91,19463.52
Zone-1,2025-02-10,23516.15,21447.09
Zone-1,2025-03-23,72531.59,68723.03
Zone-1,2025-02-16,36056.84,31670.44
Zone-1,2025-01-23,68849.73,64069.49
Zone-1,2025-01-26,23225.04,23602.96
Zone-1,2025-01-25,32129.06,28921.09
Zone-1,2025-03-19,73400.78,74875.72
Zone-1,2025-02-18,59949.72,56758.21
Zone-1,2025-03-10,54877.9,54077.01
Zone-1,2025-01-28,79325.87,79057.75
Zone-1,2025-02-22,49987.17,51374.11
Zone-1,2025-03-06,48286.86,45136.16
Zone-1,2025-03-30,36447.64,34950.73
Zone-1,2025-03-11,79809.32,74396.08
Zone-1,2025-03-12,47267.37,41152.22
Zone-1,2025-03-05,47543.2,49100.78
Zone-1,2025-03-25,46744.68,45258.23
Zone-1,2025-02-05,67142.76,65427.4
Zone-1,2025-02-14,48508.09,47977.86
Zone-1,2025-03-01,65298.63,55761.87
Zone-1,2025-01-16,22056.58,22076.6
Zone-1,2025-03-11,64228.41,66037.51
Zone-1,2025-03-18,27654.18,23922.76
Zone-1,2025-01-19,21914.67,22402.19
Zone-1,2025-02-01,32154.0,32857.16
Zone-1,2025-03-17,46121.64,44529.9
Zone-1,2025-02-13,28058.01,28373.58
Zone-1,2025-01-12,49225.3,50715.02
Zone-1,2025-01-21,33469.53,28953.16
Zone-1,2025-02-23,63781.43,56423.64
Zone-1,2025-02-17,35771.73,33667.06
Zone-1,2025-03-09,26582.7,24421.19
Zone-1,2025-02-08,41516.07,38718.86
Zone-1,2025-03-19,47666.47,44113.23
Zone-1,2025-03-11,69325.45,67401.29
Zone-1,2025-03-31,78189.68,73668.67
Zone-1,2025-03-12,33448.97,29278.81
Zone-1,2025-03-20,25430.09,22753.95
Zone-1,2025-03-02,38250.09,35518.56
Zone-1,2025-02-24,79208.94,72415.31
Zone-1,2025-01-09,36011.75,34820.99
Zone-1,2025-01-23,64411.97,64880.97
Zone-1,2025-02-28,46654.03,45473.08
Zone-1,2025-02-10,68233.29,71040.91
Zone-1,2025-02-06,59497.55,51463.56
Zone-1,2025-01-05,26605.11,24378.79
Zone-1,2025-01-09,52641.13,54758.98
Zone-1,2025-02-12,49914.55,47931.88
Zone-1,2025-03-02,36301.87,33793.22
Zone-1,2025-02-03,66608.95,56834.13
Zone-1,2025-02-03,30436.42,30846.27
Zone-1,2025-03-17,22967.65,21529.98
Zone-1,2025-02-20,35351.8,36960.84
Zone-1,2025-01-05,57538.08,52608.31
Zone-1,2025-01-15,46750.34,41629.86
Zone-1,2025-01-08,70874.45,60947.59
Zone-1,2025-03-03,57213.08,52018.69
Zone-1,2025-03-09,60435.68,63386.25
Zone-1,2025-02-23,38339.31,38006.88
Zone-1,2025-01-22,73281.72,74449.19
Zone-1,2025-02-21,63907.19,62206.49
Zone-1,2025-03-22,35624.02,32010.36
Zone-1,2025-02-05,70126.02,64720.0
Zone-1,2025-03-30,36483.7,32137.83
Zone-1,2025-01-31,20637.15,18957.54
Zone-1,2025-02-11,25356.81,21980.87
Zone-1,2025-03-07,60265.77,55054.74
Zone-1,2025-01-31,60546.11,52175.18
Zone-1,2025-03-09,77304.18,74193.18
Zone-1,2025-03-16,36057.58,33506.38
Zone-1,2025-02-11,65066.9,59824.93
Zone-1,2025-03-29,31855.95,29984.6
Zone-1,2025-02-09,53474.99,46396.16
Zone-1,2025-01-30,47816.85,45081.08
Zone-1,2025-03-13,70108.6,73436.45
Zone-1,2025-01-16,70027.05,73324.12
Zone-1,2025-02-23,69951.81,63207.88
Zone-1,2025-03-09,29542.62,26863.59
Zone-1,2025-03-24,79747.91,67831.95
Zone-1,2025-01-24,65178.59,67802.46
Zone-1,2025-03-31,63525.02,54608.96
Zone-1,2025-03-31,68858.08,63963.53
Zone-1,2025-02-22,52888.29,48819.95
Zone-1,2025-02-10,43818.26,38730.19
Zone-1,2025-03-08,76659.93,79915.28
Zone-1,2025-01-02,60186.09,58126.49
Zone-1,2025-02-08,43254.94,45043.53
Zone-1,2025-01-03,51373.82,52305.1
Zone-1,2025-02-18,62924.7,63325.89
Zone-1,2025-03-16,25090.68,22098.71
Zone-1,2025-02-08,77384.48,67064.52
Zone-1,2025-02-27,21327.93,20675.5
Zone-1,2025-01-23,54326.18,56764.35
Zone-1,2025-01-02,38937.51,35970.8
Zone-1,2025-01-27,69120.5,61287.27
Zone-1,2025-01-22,46987.67,40721.23
Zone-1,2025-03-20,59091.28,50969.39
Zone-1,2025-03-30,73798.07,69288.56
Zone-1,2025-02-26,46708.6,47757.44
Zone-1,2025-03-29,72995.59,75822.21
Zone-1,2025-03-22,23085.62,21231.76
Zone-1,2025-01-02,65913.81,63176.71
Zone-1,2025-01-10,44790.99,42184.95
Zone-1,2025-02-14,33804.85,34064.54
Zone-1,2025-02-25,34159.6,33407.8
Zone-1,2025-01-10,23638.46,21193.97
Zone-1,2025-01-02,45357.81,39074.65
Zone-1,2025-01-27,76899.97,78788.08
Zone-1,2025-03-14,21715.29,19134.13
Zone-1,2025-02-09,32865.7,29067.94
Zone-1,2025-01-17,72669.9,74694.38
Zone-1,2025-01-22,39172.05,39939.92
Zone-1,2025-03-15,50133.7,49180.4
Zone-1,2025-03-31,63045.15,57394.02
Zone-1,2025-01-10,36632.48,35817.41
Zone-1,2025-02-07,36399.59,33250.14
Zone-1,2025-03-25,79813.18,82026.22
Zone-1,2025-01-29,34639.88,30626.6
Zone-1,2025-01-20,38875.48,38077.8
Zone-1,2025-02-15,29554.46,25986.21
Zone-1,2025-03-31,27347.24,26847.78
Zone-1,2025-01-30,64993.24,64511.07
Zone-1,2025-03-16,28611.78,26703.72
Zone-1,2025-01-14,53940.92,48261.67
Zone-1,2025-01-01,72964.54,63639.46
Zone-1,2025-01-19,67130.78,64864.42
Zone-1,2025-02-27,34375.45,30847.34
Zone-1,2025-02-14,51511.85,48897.52
Zone-1,2025-03-31,21262.21,18392.95
Zone-1,2025-03-12,68689.96,65302.71
Zone-1,2025-01-27,64241.42,65632.65
Zone-1,2025-01-05,59963.62,59214.47
Zone-1,2025-02-11,60974.65,56098.35
Zone-1,2025-02-17,22155.67,21981.08
Zone-1,2025-01-11,39422.55,40334.1
Zone-1,2025-03-11,70113.05,69636.55
Zone-1,2025-02-16,49280.12,44160.41
Zone-1,2025-03-02,75268.38,77607.95
Zone-1,2025-01-14,23929.93,21111.56
Zone-1,2025-03-17,20220.91,19966.08
Zone-1,2025-03-30,42182.98,37546.75
Zone-1,2025-03-08,57078.27,54433.8
Zone-1,2025-03-28,26772.92,26349.65
Zone-1,2025-03-17,37799.2,37330.46
Zone-1,2025-01-11,72942.49,64719.01
Zone-1,2025-01-19,41602.02,42215.02
Zone-1,2025-02-23,60881.04,60674.18
Zone-1,2025-01-30,23190.45,23144.56
Zone-1,2025-01-04,20750.14,20815.71
Zone-1,2025-02-19,52599.85,47818.55
Zone-1,2025-03-13,30098.77,28765.24
Zone-1,2025-01-04,67382.17,68200.11
Zone-1,2025-02-17,52564.22,52288.34
Zone-1,2025-01-06,68577.52,58583.23
Zone-1,2025-03-16,31788.0,30272.81
Zone-1,2025-02-07,37439.27,33366.49
Zone-1,2025-03-27,25119.03,23528.94
Zone-1,2025-02-23,47232.41,47344.18
Zone-1,2025-03-23,78528.03,81228.23
Zone-1,2025-01-25,30103.17,29410.24
Zone-1,2025-02-08,52591.42,55153.44
Zone-1,2025-01-16,45443.74,43765.51
Zone-1,2025-03-12,79213.63,79384.01
Zone-1,2025-02-16,33717.17,28928.44
Zone-1,2025-02-06,51888.0,44960.51
Zone-1,2025-03-31,27460.46,23758.19
Zone-1,2025-02-25,20374.35,18854.8
Zone-1,2025-02-19,30639.87,31255.53
Zone-1,2025-01-14,21134.97,19027.6
Zone-1,2025-03-22,52564.67,54588.91
Zone-1,2025-03-03,20162.33,17704.66
Zone-1,2025-03-17,39302.32,38898.44
Zone-1,2025-01-11,62583.19,54967.53
Zone-1,2025-02-20,59009.89,54772.77
Zone-1,2025-01-05,20980.22,21456.34
Zone-1,2025-01-25,50704.29,52677.36
Zone-1,2025-01-28,20601.64,19157.89
Zone-1,2025-03-21,45152.48,41223.59
Zone-1,2025-02-09,54421.63,53708.51
Zone-1,2025-01-23,31462.32,29325.09
Zone-1,2025-02-19,49343.67,50624.07
Zone-1,2025-03-05,41166.11,39353.83
Zone-1,2025-03-13,51702.85,51328.02
Zone-1,2025-02-28,32553.72,32558.04
Zone-1,2025-03-22,76894.46,74956.37
Zone-1,2025-03-26,69109.95,63125.4
Zone-1,2025-01-31,26290.07,23203.26
Zone-1,2025-01-18,74198.37,68024.01
Zone-1,2025-01-14,69047.31,69885.28
Zone-1,2025-03-19,51844.09,54309.03
Zone-1,2025-02-25,55903.58,58664.3
Zone-1,2025-01-15,55622.57,51696.7
Zone-1,2025-02-20,38637.13,37866.9
Zone-1,2025-01-10,52870.7,55486.24
Zone-1,2025-02-24,27887.5,24798.13
Zone-1,2025-02-12,47183.91,45416.44
Zone-1,2025-03-29,53942.43,48563.28
Zone-1,2025-01-06,48755.27,49562.05
Zone-1,2025-02-07,60392.3,60474.49
Zone-1,2025-02-04,20214.13,20868.85
Zone-1,2025-02-05,43942.24,44313.99
Zone-1,2025-02-22,31021.97,32179.24
Zone-1,2025-02-20,64236.77,59258.82
Zone-1,2025-03-22,22242.52,19720.61
Zone-1,2025-01-19,75189.97,68113.65
Zone-1,2025-01-16,35732.91,32784.26
Zone-1,2025-03-23,78801.42,80768.15
Zone-1,2025-01-17,52547.89,55058.62
Zone-1,2025-02-25,77263.43,79317.23
Zone-1,2025-03-17,27790.62,25121.51
Zone-1,2025-03-17,69198.76,64933.73
Zone-1,2025-03-03,77224.45,72504.23
Zone-1,2025-01-06,23869.32,23317.3
Zone-1,2025-03-29,74007.64,66984.92
Zone-1,2025-02-05,57575.9,55732.47
Zone-1,2025-03-21,47833.92,43334.2
Zone-1,2025-03-30,67212.13,59320.72
Zone-1,2025-02-13,65781.5,56517.5
Zone-1,2025-03-29,25929.78,22052.5
Zone-1,2025-03-18,60247.72,58089.74
Zone-1,2025-02-17,24571.92,25158.61
Zone-1,2025-02-24,79706.43,79705.38
Zone-1,2025-02-10,64939.45,57594.52
Zone-1,2025-01-17,24728.13,22942.97
Zone-1,2025-02-16,74310.64,72266.23
Zone-1,2025-01-17,66670.23,66367.22
Zone-1,2025-03-23,20437.06,18591.19
Zone-1,2025-03-27,41587.25,42639.56
Zone-1,2025-03-29,61652.43,53238.88
Zone-1,2025-01-08,49380.88,47365.92
Zone-1,2025-01-21,44182.27,38476.69
Zone-1,2025-03-31,77237.05,77503.71
Zone-1,2025-02-01,51583.18,46065.45
Zone-1,2025-03-19,75873.44,78031.66
Zone-1,2025-03-08,77864.62,72886.83
Zone-1,2025-03-28,71522.28,73838.32
Zone-1,2025-01-11,33935.19,35083.0
Zone-1,2025-02-18,55398.85,49724.91
Zone-1,2025-02-10,43900.37,37637.29
Zone-1,2025-03-26,68678.14,62960.29
Zone-1,2025-02-10,61728.8,57670.89
Zone-1,2025-03-13,78816.8,74442.81
Zone-1,2025-03-04,39465.11,40820.17
Zone-1,2025-02-07,39606.88,34030.42
Zone-1,2025-01-23,27927.01,27842.54
Zone-1,2025-02-28,26130.07,24134.08
Zone-1,2025-02-11,61923.38,62093.76
Zone-1,2025-03-28,61075.36,54034.88
Zone-1,2025-03-05,55593.45,48997.28
Zone-1,2025-03-22,67242.47,65637.53
Zone-1,2025-01-18,21974.96,20953.43
Zone-1,2025-03-22,61470.99,58967.22
Zone-1,2025-01-23,34187.56,34306.98
Zone-1,2025-02-26,62062.13,64886.71
Zone-1,2025-02-15,75073.01,67453.8
Zone-1,2025-01-19,39344.53,36338.07
Zone-1,2025-01-08,75824.25,72453.15
Zone-1,2025-02-09,63575.44,58635.29
Zone-1,2025-02-20,57992.07,50047.88
Zone-1,2025-02-19,66406.8,68662.57
Zone-1,2025-01-21,25551.31,22476.21
Zone-1,2025-03-07,40952.74,39577.15
Zone-1,2025-01-26,44267.11,39945.56
Zone-1,2025-01-01,37586.87,37232.71
Zone-1,2025-03-10,32689.83,33884.0
Zone-1,2025-01-08,59607.8,51941.81
Zone-1,2025-02-17,53154.22,52872.02
Zone-1,2025-02-21,25649.38,23639.04
Zone-1,2025-02-21,23380.64,20885.97
Zone-1,2025-03-13,50557.61,51903.36
Zone-1,2025-01-19,28951.84,25478.41
Zone-1,2025-01-14,22825.07,23543.56
Zone-1,2025-02-16,39632.22,37716.67
Zone-1,2025-03-07,74941.19,76462.85
Zone-1,2025-03-30,31471.79,31772.92
Zone-1,2025-01-24,66520.31,59067.53
Zone-1,2025-01-20,20160.75,17718.69
Zone-1,2025-01-04,52240.75,44905.63
Zone-1,2025-02-26,47607.86,41591.92
Zone-1,2025-01-27,60849.79,54805.71
Zone-1,2025-01-05,31115.1,28888.63
Zone-1,2025-02-04,45809.47,45131.16
Zone-1,2025-01-22,56971.96,48741.26
Zone-1,2025-03-06,59301.35,58296.52
Zone-1,2025-02-28,27619.46,28963.32
Zone-1,2025-02-18,53139.32,51675.36
Zone-1,2025-02-04,55781.02,47809.61
Zone-1,2025-02-03,77160.67,80282.63
Zone-1,2025-01-03,54771.01,47304.5
Zone-1,2025-01-02,64772.54,60891.79
Zone-1,2025-03-20,25528.02,22148.61
Zone-1,2025-03-02,75544.51,69913.71
Zone-1,2025-02-08,47022.22,48268.32
Zone-1,2025-01-17,37182.11,38396.48
Zone-1,2025-02-14,75426.8,72532.27
Zone-1,2025-02-27,51309.18,46828.61
Zone-1,2025-01-05,30467.19,29174.81
Zone-1,2025-01-07,31647.07,28626.39
Zone-1,2025-03-09,29497.26,25752.79
Zone-1,2025-01-23,48277.67,42934.34
Zone-1,2025-02-19,40054.36,35158.92
Zone-1,2025-02-02,20208.04,17583.39
Zone-1,2025-03-31,59278.33,53039.02
Zone-1,2025-03-14,57945.32,55121.64
Zone-1,2025-03-11,22775.78,19579.95
Zone-1,2025-02-28,77219.89,80452.43
Zone-1,2025-02-06,71547.11,61541.7
Zone-1,2025-02-20,57724.73,58825.48
Zone-1,2025-03-29,69109.37,69163.06
Zone-1,2025-02-11,27678.37,27054.11
Zone-1,2025-01-13,44749.41,45384.36
Zone-1,2025-02-10,75752.32,69091.85
Zone-1,2025-02-10,34220.49,34508.35
Zone-1,2025-01-30,77649.82,77896.01
Zone-1,2025-01-30,47626.0,43930.66
Zone-1,2025-03-20,57913.84,49340.86
Zone-1,2025-03-29,34942.91,31608.81
Zone-1,2025-03-18,20041.64,20812.72
Zone-1,2025-02-25,64814.06,64837.92
Zone-1,2025-01-05,33839.33,34091.09
Zone-1,2025-03-22,31144.04,31654.22
Zone-1,2025-01-16,44809.43,45915.22
Zone-1,2025-01-26,64075.5,54603.06
Zone-1,2025-03-20,21795.81,22068.04
Zone-1,2025-03-23,29110.97,27299.4
Zone-1,2025-03-14,20513.9,17591.94
Zone-1,2025-03-29,53476.39,49984.09
Zone-1,2025-02-26,68829.61,64372.65
Zone-1,2025-01-03,60923.3,56060.26
Zone-1,2025-02-23,74702.92,76891.13
Zone-1,2025-02-27,58047.12,52106.97
Zone-1,2025-03-25,46668.55,40962.55
Zone-1,2025-01-28,20699.97,18305.13
Zone-1,2025-01-04,29344.63,28690.2
Zone-1,2025-03-17,72418.9,74151.03
Zone-1,2025-03-11,36825.25,31483.44
Zone-1,2025-02-22,30663.45,31067.55
Zone-1,2025-03-18,24090.79,22544.15
Zone-1,2025-02-23,60115.8,61770.87
Zone-1,2025-01-17,74291.78,67753.48
Zone-1,2025-01-18,67523.8,67833.38
Zone-1,2025-01-17,37411.14,32313.95
Zone-1,2025-02-28,71401.41,60700.37
Zone-1,2025-01-06,23771.84,21087.86
Zone-1,2025-01-29,46297.2,47367.07
Zone-1,2025-01-13,64363.27,55000.28
Zone-1,2025-03-17,52848.51,55416.87
Zone-1,2025-01-17,48422.52,49734.93
Zone-1,2025-02-26,74095.95,67531.7
Zone-1,2025-03-03,78777.15,69804.57
Zone-1,2025-01-10,30979.75,27892.83
Zone-1,2025-03-20,51608.78,49280.2
Zone-1,2025-02-08,22468.25,22801.61
Zone-1,2025-02-16,49932.33,45156.86
Zone-1,2025-01-26,20708.72,18368.6
Zone-1,2025-02-12,62331.7,61236.61
Zone-1,2025-03-09,54285.44,46885.72
Zone-1,2025-01-27,45729.57,45052.12
Zone-1,2025-02-10,65716.38,67827.07
Zone-1,2025-03-16,43737.58,43175.34
Zone-1,2025-01-26,68323.57,60013.58
Zone-1,2025-02-19,20069.43,19283.44
Zone-1,2025-01-21,79774.79,81006.12
Zone-1,2025-02-04,28150.39,29483.69
Zone-1,2025-03-24,35152.22,33580.71
Zone-1,2025-02-24,48728.43,42124.7
Zone-1,2025-01-20,21961.27,21694.46
Zone-1,2025-02-01,30001.95,29789.32
Zone-1,2025-01-17,38572.12,39660.19
Zone-1,2025-03-03,69920.74,66646.92
Zone-1,2025-01-03,34939.37,32002.31
Zone-1,2025-01-04,47468.4,43869.49
Zone-1,2025-01-14,77863.8,66375.94
Zone-1,2025-03-17,21485.92,22176.0
Zone-1,2025-03-27,64896.83,59528.55
Zone-1,2025-01-06,60262.89,61817.74
Zone-1,2025-01-02,44036.56,45023.07
Zone-1,2025-03-02,65076.62,60513.53
Zone-1,2025-02-11,47537.07,47095.27
Zone-1,2025-02-07,48281.69,48679.31
Zone-1,2025-03-12,44487.44,46085.71
Zone-1,2025-02-18,73293.96,71603.63
Zone-1,2025-02-25,74948.65,65929.18
Zone-1,2025-02-06,42745.15,40697.97
Zone-1,2025-02-15,42028.99,36911.54
Zone-1,2025-03-22,21763.94,21835.03
Zone-1,2025-01-08,55151.67,49299.29
Zone-1,2025-01-18,50877.7,47896.42
Zone-1,2025-03-11,58446.56,49933.55
Zone-1,2025-02-17,62211.16,60583.14
Zone-1,2025-03-31,60812.93,53227.02
Zone-1,2025-02-03,37018.92,33761.84
Zone-1,2025-03-21,59195.9,61283.2
Zone-1,2025-03-11,48041.32,42402.87
Zone-1,2025-03-20,26207.69,27413.71
Zone-1,2025-03-24,64377.57,65999.4
Zone-1,2025-03-04,62112.3,62153.09
Zone-1,2025-03-05,67475.35,70122.78
Zone-1,2025-02-19,23064.92,19618.58
Zone-1,2025-02-23,27485.93,27361.38
Zone-1,2025-03-03,53157.23,54904.27
Zone-1,2025-01-08,66867.75,60340.53
Zone-1,2025-01-25,31152.74,31774.01
Zone-1,2025-03-06,23422.55,20823.22
Zone-1,2025-02-26,55495.67,47863.94
Zone-1,2025-03-16,44161.72,42254.36
Zone-1,2025-01-09,24445.22,24556.14
Zone-1,2025-02-23,72097.23,62225.76
Zone-1,2025-03-26,47964.55,48020.8
Zone-1,2025-03-04,76322.78,71801.08
Zone-1,2025-01-31,28733.81,25193.77
Zone-1,2025-02-06,55455.24,54492.49
Zone-1,2025-01-08,79983.51,69195.78
Zone-1,2025-01-25,23523.23,23553.37
Zone-1,2025-02-16,61972.58,54399.4
Zone-1,2025-01-20,65870.65,64995.7
Zone-1,2025-03-26,38043.63,37639.91
Zone-1,2025-03-01,32085.68,27474.61
Zone-1,2025-03-16,58108.82,52399.83
Zone-1,2025-02-17,40950.47,36268.46
Zone-1,2025-02-25,60332.01,51358.98
Zone-1,2025-03-07,57861.94,52329.5
Zone-1,2025-03-05,29800.79,30214.05
Zone-1,2025-01-04,27440.89,24572.6
Zone-1,2025-03-29,40179.88,37462.99
Zone-1,2025-03-27,23074.23,23979.57
Zone-1,2025-01-28,66594.8,62599.42
Zone-1,2025-02-09,64116.31,62980.94
Zone-1,2025-03-31,51477.99,53836.58
Zone-1,2025-02-11,78800.49,68514.73
Zone-1,2025-03-17,72681.52,63075.75
Zone-1,2025-02-04,59053.63,61507.09
Zone-1,2025-03-23,43557.57,45173.07
Zone-1,2025-02-12,34904.19,29967.17
Zone-1,2025-01-24,26115.74,25156.87
Zone-1,2025-02-10,33548.72,29545.47
Zone-1,2025-02-03,57227.69,60076.53
Zone-1,2025-03-03,76340.07,65933.99
Zone-1,2025-03-14,62276.54,55697.2
Zone-1,2025-01-29,39517.21,40299.05
Zone-1,2025-01-05,33366.32,33618.72
Zone-1,2025-03-26,74267.17,73842.7
Zone-1,2025-03-03,77600.84,79745.72
Zone-1,2025-01-07,79459.75,83431.66
Zone-1,2025-02-24,36598.55,38164.8
Zone-1,2025-03-18,53364.99,49347.25
Zone-1,2025-02-09,47065.92,40097.09
Zone-1,2025-03-31,74949.01,75900.69
Zone-1,2025-03-11,72934.48,76453.77
Zone-1,2025-03-12,33268.72,30082.08
Zone-1,2025-01-03,54222.93,51066.93
Zone-1,2025-03-03,63694.95,60461.35
Zone-1,2025-01-18,54573.17,52095.83
Zone-1,2025-01-16,31584.53,28181.32
Zone-1,2025-01-31,48622.17,45814.55
Zone-1,2025-01-07,23041.33,23202.1
Zone-1,2025-03-28,73524.81,71075.65
Zone-1,2025-01-20,30975.46,30619.06
Zone-1,2025-03-12,52022.52,48529.37
Zone-1,2025-03-12,53528.04,50438.01
Zone-1,2025-01-28,58509.42,55335.1
Zone-1,2025-02-11,55872.14,50963.45
Zone-1,2025-02-07,65801.11,66330.97
Zone-1,2025-02-03,62105.56,53375.74
Zone-1,2025-02-20,34381.79,30467.69
Zone-1,2025-03-14,64125.71,60685.44
Zone-1,2025-03-30,43578.94,44113.82
Zone-1,2025-01-09,21554.32,19057.19
Zone-1,2025-03-04,51864.57,48177.39
Zone-1,2025-01-23,30931.56,29534.65
Zone-1,2025-03-07,67735.54,67649.11
Zone-1,2025-03-12,23598.74,20565.84
Zone-1,2025-02-04,34623.04,36106.51
Zone-1,2025-01-02,79838.52,80918.11
Zone-1,2025-03-17,29043.79,29811.92
Zone-1,2025-01-01,71815.64,71976.59
Zone-1,2025-01-13,59684.89,61201.73
Zone-1,2025-01-20,52376.86,45137.31
Zone-1,2025-01-08,63683.29,63343.3
Zone-1,2025-01-22,65177.4,59049.64
Zone-1,2025-03-20,25446.15,22684.8
Zone-1,2025-01-26,55210.89,50943.53
Zone-1,2025-02-28,69467.55,70254.5
Zone-1,2025-01-25,21828.05,20428.15
Zone-1,2025-03-26,61023.22,59828.27
Zone-1,2025-01-15,68204.31,63893.13
Zone-1,2025-01-14,54699.55,51635.1
Zone-1,2025-03-01,22855.22,20285.93
Zone-1,2025-01-01,28036.97,24201.9
Zone-1,2025-03-19,44480.38,42308.89
Zone-1,2025-01-24,60951.29,52473.74
Zone-1,2025-01-12,25051.11,22530.64
Zone-1,2025-01-09,34429.45,34284.91
Zone-1,2025-02-15,22290.17,21906.67
Zone-1,2025-03-09,44706.13,43665.82
Zone-1,2025-02-12,62472.17,59882.27
Zone-1,2025-03-18,72302.78,69875.66
Zone-1,2025-01-20,71982.95,61985.09
Zone-1,2025-01-30,62946.24,65123.23
Zone-1,2025-01-30,43178.63,37205.02
Zone-1,2025-02-21,65571.69,60760.78
Zone-1,2025-03-09,23509.24,20022.01
Zone-1,2025-03-12,21047.03,21226.78
Zone-1,2025-03-14,45247.7,42613.43
Zone-1,2025-02-14,66618.29,59726.09
Zone-1,2025-01-28,51207.56,50540.32
Zone-1,2025-01-31,79752.73,81329.07
Zone-1,2025-03-27,45580.59,44647.83
Zone-1,2025-02-28,30937.86,32385.68
Zone-1,2025-01-20,73437.28,68577.5
Zone-1,2025-02-26,53090.7,55508.7
Zone-1,2025-01-29,24438.05,21541.13
Zone-1,2025-03-05,65927.67,58371.39
Zone-1,2025-03-13,32292.79,29582.32
Zone-1,2025-02-18,37109.27,31585.28
Zone-1,2025-03-15,70929.46,61319.59
Zone-1,2025-01-24,75998.28,77092.35
Zone-1,2025-01-02,43630.24,45200.98
Zone-1,2025-01-22,62201.51,53751.33
Zone-1,2025-03-26,69321.46,71006.9
Zone-1,2025-03-25,60970.96,56632.35
Zone-1,2025-03-21,60878.32,52466.26
