user_id,zone_id,month,consumption_litres,amount_payable,due_date
User-9,Zone-1,2025-02,3673.44,183.67,2025-03-03
User-2,Zone-1,2025-02,8421.16,421.06,2025-03-03
User-11,Zone-1,2025-02,1236.07,61.8,2025-03-03
User-15,Zone-1,2025-01,8059.39,402.97,2025-01-31
User-7,Zone-1,2025-01,3329.75,166.49,2025-01-31
User-12,Zone-1,2025-01,8709.34,435.47,2025-01-31
User-14,Zone-1,2025-01,8471.02,423.55,2025-01-31
User-8,Zone-1,2025-01,8835.45,441.77,2025-01-31
User-11,Zone-1,2025-02,1317.96,65.9,2025-03-03
User-10,Zone-1,2025-02,5497.21,274.86,2025-03-03
User-15,Zone-1,2025-03,1759.95,88.0,2025-03-31
User-6,Zone-1,2025-02,7768.13,388.41,2025-03-03
User-3,Zone-1,2025-01,4911.27,245.56,2025-01-31
User-8,Zone-1,2025-03,5561.65,278.08,2025-03-31
User-14,Zone-1,2025-03,1807.62,90.38,2025-03-31
User-2,Zone-1,2025-03,2881.03,144.05,2025-03-31
User-13,Zone-1,2025-03,9459.57,472.98,2025-03-31
User-4,Zone-1,2025-01,3560.72,178.04,2025-01-31
User-9,Zone-1,2025-03,4513.84,225.69,2025-03-31
User-1,Zone-1,2025-03,7171.65,358.58,2025-03-31
User-11,Zone-1,2025-01,8219.07,410.95,2025-01-31
User-12,Zone-1,2025-02,7305.74,365.29,2025-03-03
User-10,Zone-1,2025-03,5048.01,252.4,2025-03-31
User-4,Zone-1,2025-01,9549.59,477.48,2025-01-31
User-7,Zone-1,2025-03,2508.75,125.44,2025-03-31
User-3,Zone-1,2025-01,1210.12,60.51,2025-01-31
User-5,Zone-1,2025-02,4736.66,236.83,2025-03-03
User-14,Zone-1,2025-02,5540.62,277.03,2025-03-03
User-12,Zone-1,2025-01,4676.38,233.82,2025-01-31
User-11,Zone-1,2025-03,9221.45,461.07,2025-03-31
User-6,Zone-1,2025-01,2913.83,145.69,2025-01-31
User-8,Zone-1,2025-01,4044.85,202.24,2025-01-31
User-3,Zone-1,2025-03,8251.88,412.59,2025-03-31
User-14,Zone-1,2025-03,6135.21,306.76,2025-03-31
User-2,Zone-1,2025-01,9565.42,478.27,2025-01-31
User-6,Zone-1,2025-01,8662.27,433.11,2025-01-31
User-3,Zone-1,2025-03,3126.1,156.31,2025-03-31
User-15,Zone-1,2025-03,7160.66,358.03,2025-03-31
User-14,Zone-1,2025-02,6709.89,335.49,2025-03-03
User-6,Zone-1,2025-02,8704.6,435.23,2025-03-03
User-5,Zone-1,2025-01,1071.5,53.58,2025-01-31
User-11,Zone-1,2025-01,6597.42,329.87,2025-01-31
User-3,Zone-1,2025-02,9439.86,471.99,2025-03-03
User-1,Zone-1,2025-01,6702.15,335.11,2025-01-31
User-8,Zone-1,2025-02,6567.62,328.38,2025-03-03
User-6,Zone-1,2025-01,6277.75,313.89,2025-01-31
User-1,Zone-1,2025-02,8458.65,422.93,2025-03-03
User-14,Zone-1,2025-02,7573.85,378.69,2025-03-03
User-5,Zone-1,2025-01,5721.71,286.09,2025-01-31
User-5,Zone-1,2025-01,9931.6,496.58,2025-01-31
User-15,Zone-1,2025-03,4865.19,243.26,2025-03-31
User-3,Zone-1,2025-02,3036.4,151.82,2025-03-03
User-11,Zone-1,2025-02,5129.37,256.47,2025-03-03
User-15,Zone-1,2025-02,1313.97,65.7,2025-03-03
User-12,Zone-1,2025-01,8884.18,444.21,2025-01-31
User-6,Zone-1,2025-03,7744.06,387.2,2025-03-31
User-9,Zone-1,2025-03,8954.16,447.71,2025-03-31
User-3,Zone-1,2025-03,2551.14,127.56,2025-03-31
User-11,Zone-1,2025-03,9190.51,459.53,2025-03-31
User-10,Zone-1,2025-02,9667.04,483.35,2025-03-03
User-15,Zone-1,2025-02,4740.56,237.03,2025-03-03
User-9,Zone-1,2025-03,2062.11,103.11,2025-03-31
User-6,Zone-1,2025-01,7808.37,390.42,2025-01-31
User-10,Zone-1,2025-01,4133.92,206.7,2025-01-31
User-14,Zone-1,2025-03,8225.49,411.27,2025-03-31
User-7,Zone-1,2025-03,4901.66,245.08,2025-03-31
User-12,Zone-1,2025-03,1172.76,58.64,2025-03-31
User-8,Zone-1,2025-03,6292.99,314.65,2025-03-31
User-3,Zone-1,2025-03,1132.39,56.62,2025-03-31
User-4,Zone-1,2025-03,3657.13,182.86,2025-03-31
User-6,Zone-1,2025-01,8406.64,420.33,2025-01-31
User-5,Zone-1,2025-03,3206.6,160.33,2025-03-31
User-4,Zone-1,2025-01,8653.05,432.65,2025-01-31
User-6,Zone-1,2025-02,6556.99,327.85,2025-03-03
User-9,Zone-1,2025-03,5813.56,290.68,2025-03-31
User-8,Zone-1,2025-02,6494.74,324.74,2025-03-03
User-11,Zone-1,2025-03,9189.8,459.49,2025-03-31
User-5,Zone-1,2025-02,3519.46,175.97,2025-03-03
User-14,Zone-1,2025-01,4880.8,244.04,2025-01-31
User-13,Zone-1,2025-02,5131.53,256.58,2025-03-03
User-14,Zone-1,2025-02,1446.94,72.35,2025-03-03
User-3,Zone-1,2025-01,9073.5,453.68,2025-01-31
User-4,Zone-1,2025-02,2836.0,141.8,2025-03-03
User-5,Zone-1,2025-02,9949.93,497.5,2025-03-03
User-14,Zone-1,2025-01,4171.48,208.57,2025-01-31
User-8,Zone-1,2025-02,2991.93,149.6,2025-03-03
User-12,Zone-1,2025-01,6510.21,325.51,2025-01-31
User-3,Zone-1,2025-01,2622.3,131.12,2025-01-31
User-1,Zone-1,2025-03,4679.53,233.98,2025-03-31
User-15,Zone-1,2025-02,2284.0,114.2,2025-03-03
User-10,Zone-1,2025-03,4089.73,204.49,2025-03-31
User-3,Zone-1,2025-02,7563.8,378.19,2025-03-03
User-11,Zone-1,2025-01,8217.31,410.87,2025-01-31
User-11,Zone-1,2025-01,8031.45,401.57,2025-01-31
User-12,Zone-1,2025-01,1067.59,53.38,2025-01-31
User-12,Zone-1,2025-03,3547.01,177.35,2025-03-31
User-13,Zone-1,2025-03,3942.64,197.13,2025-03-31
User-14,Zone-1,2025-03,7775.81,388.79,2025-03-31
User-2,Zone-1,2025-03,8388.55,419.43,2025-03-31
User-11,Zone-1,2025-02,4077.5,203.88,2025-03-03
User-6,Zone-1,2025-03,6166.69,308.33,2025-03-31
User-8,Zone-1,2025-01,6803.06,340.15,2025-01-31
User-12,Zone-1,2025-02,4015.93,200.8,2025-03-03
User-11,Zone-1,2025-02,9078.99,453.95,2025-03-03
User-15,Zone-1,2025-02,7308.42,365.42,2025-03-03
User-6,Zone-1,2025-03,7270.81,363.54,2025-03-31
User-8,Zone-1,2025-02,1256.53,62.83,2025-03-03
User-12,Zone-1,2025-03,5106.33,255.32,2025-03-31
User-8,Zone-1,2025-03,5934.28,296.71,2025-03-31
User-4,Zone-1,2025-01,3728.51,186.43,2025-01-31
User-11,Zone-1,2025-02,7001.63,350.08,2025-03-03
User-11,Zone-1,2025-03,5052.84,252.64,2025-03-31
User-15,Zone-1,2025-01,3023.97,151.2,2025-01-31
User-7,Zone-1,2025-03,5438.9,271.94,2025-03-31
User-7,Zone-1,2025-03,6747.86,337.39,2025-03-31
User-1,Zone-1,2025-03,5827.05,291.35,2025-03-31
User-10,Zone-1,2025-01,4641.27,232.06,2025-01-31
User-2,Zone-1,2025-02,2306.16,115.31,2025-03-03
User-3,Zone-1,2025-03,7200.07,360.0,2025-03-31
User-3,Zone-1,2025-01,4507.55,225.38,2025-01-31
User-7,Zone-1,2025-02,6425.49,321.27,2025-03-03
User-6,Zone-1,2025-02,2930.17,146.51,2025-03-03
User-12,Zone-1,2025-02,7984.41,399.22,2025-03-03
User-13,Zone-1,2025-02,1513.5,75.67,2025-03-03
User-12,Zone-1,2025-01,7659.86,382.99,2025-01-31
User-13,Zone-1,2025-03,3382.93,169.15,2025-03-31
User-6,Zone-1,2025-03,7081.44,354.07,2025-03-31
User-14,Zone-1,2025-01,4531.94,226.6,2025-01-31
User-8,Zone-1,2025-03,2633.06,131.65,2025-03-31
User-10,Zone-1,2025-01,6543.9,327.19,2025-01-31
User-4,Zone-1,2025-01,4142.19,207.11,2025-01-31
User-4,Zone-1,2025-01,6464.68,323.23,2025-01-31
User-15,Zone-1,2025-03,6113.69,305.68,2025-03-31
User-6,Zone-1,2025-01,9045.33,452.27,2025-01-31
User-4,Zone-1,2025-01,9306.95,465.35,2025-01-31
User-1,Zone-1,2025-01,4247.3,212.37,2025-01-31
User-14,Zone-1,2025-01,3846.96,192.35,2025-01-31
User-2,Zone-1,2025-03,4040.25,202.01,2025-03-31
User-8,Zone-1,2025-02,1497.35,74.87,2025-03-03
User-8,Zone-1,2025-03,1116.26,55.81,2025-03-31
User-15,Zone-1,2025-03,1630.1,81.5,2025-03-31
User-9,Zone-1,2025-01,7407.5,370.38,2025-01-31
User-5,Zone-1,2025-01,9723.93,486.2,2025-01-31
User-10,Zone-1,2025-02,1698.28,84.91,2025-03-03
User-15,Zone-1,2025-03,3791.11,189.56,2025-03-31
User-5,Zone-1,2025-02,5088.78,254.44,2025-03-03
User-8,Zone-1,2025-02,9316.85,465.84,2025-03-03
User-3,Zone-1,2025-01,5908.71,295.44,2025-01-31
User-4,Zone-1,2025-02,7009.49,350.47,2025-03-03
User-3,Zone-1,2025-03,8177.68,408.88,2025-03-31
User-11,Zone-1,2025-03,1479.0,73.95,2025-03-31
User-13,Zone-1,2025-02,3039.9,152.0,2025-03-03
User-11,Zone-1,2025-02,3326.27,166.31,2025-03-03
User-5,Zone-1,2025-02,8469.5,423.48,2025-03-03
User-8,Zone-1,2025-01,7692.61,384.63,2025-01-31
User-8,Zone-1,2025-02,6384.44,319.22,2025-03-03
User-1,Zone-1,2025-03,4662.68,233.13,2025-03-31
User-11,Zone-1,2025-03,9869.52,493.48,2025-03-31
User-4,Zone-1,2025-03,2143.33,107.17,2025-03-31
User-1,Zone-1,2025-01,5706.86,285.34,2025-01-31
User-10,Zone-1,2025-01,1964.22,98.21,2025-01-31
User-3,Zone-1,2025-03,3526.44,176.32,2025-03-31
User-6,Zone-1,2025-02,5617.38,280.87,2025-03-03
User-9,Zone-1,2025-03,3450.59,172.53,2025-03-31
User-11,Zone-1,2025-01,8728.16,436.41,2025-01-31
User-14,Zone-1,2025-02,7712.24,385.61,2025-03-03
User-8,Zone-1,2025-01,6999.42,349.97,2025-01-31
User-6,Zone-1,2025-01,4071.03,203.55,2025-01-31
User-11,Zone-1,2025-01,8044.05,402.2,2025-01-31
User-15,Zone-1,2025-03,9202.63,460.13,2025-03-31
User-8,Zone-1,2025-01,1839.45,91.97,2025-01-31
User-2,Zone-1,2025-01,8395.86,419.79,2025-01-31
User-12,Zone-1,2025-02,6475.86,323.79,2025-03-03
User-5,Zone-1,2025-01,3076.1,153.81,2025-01-31
User-9,Zone-1,2025-01,6128.22,306.41,2025-01-31
User-14,Zone-1,2025-02,1982.64,99.13,2025-03-03
User-1,Zone-1,2025-03,5205.79,260.29,2025-03-31
User-8,Zone-1,2025-01,6246.0,312.3,2025-01-31
User-2,Zone-1,2025-02,6870.88,343.54,2025-03-03
User-8,Zone-1,2025-01,6000.22,300.01,2025-01-31
User-13,Zone-1,2025-03,1521.29,76.06,2025-03-31
User-11,Zone-1,2025-02,6594.37,329.72,2025-03-03
User-7,Zone-1,2025-01,5388.21,269.41,2025-01-31
User-13,Zone-1,2025-03,4450.94,222.55,2025-03-31
User-4,Zone-1,2025-03,9267.63,463.38,2025-03-31
User-2,Zone-1,2025-03,8568.02,428.4,2025-03-31
User-5,Zone-1,2025-02,5509.28,275.46,2025-03-03
User-7,Zone-1,2025-01,2415.77,120.79,2025-01-31
User-2,Zone-1,2025-03,8987.27,449.36,2025-03-31
User-6,Zone-1,2025-01,5626.9,281.34,2025-01-31
User-2,Zone-1,2025-02,2691.05,134.55,2025-03-03
User-6,Zone-1,2025-03,8052.47,402.62,2025-03-31
User-4,Zone-1,2025-03,6170.45,308.52,2025-03-31
User-5,Zone-1,2025-03,8200.9,410.05,2025-03-31
User-8,Zone-1,2025-02,1325.55,66.28,2025-03-03
User-12,Zone-1,2025-03,1453.72,72.69,2025-03-31
User-10,Zone-1,2025-01,9587.32,479.37,2025-01-31
User-11,Zone-1,2025-02,1865.06,93.25,2025-03-03
User-10,Zone-1,2025-01,7109.73,355.49,2025-01-31
User-4,Zone-1,2025-02,1445.66,72.28,2025-03-03
User-5,Zone-1,2025-03,6505.45,325.27,2025-03-31
User-13,Zone-1,2025-03,8180.2,409.01,2025-03-31
User-14,Zone-1,2025-01,2947.71,147.39,2025-01-31
User-15,Zone-1,2025-02,3670.07,183.5,2025-03-03
User-9,Zone-1,2025-02,1273.76,63.69,2025-03-03
User-5,Zone-1,2025-01,4435.7,221.78,2025-01-31
User-15,Zone-1,2025-01,6116.34,305.82,2025-01-31
User-2,Zone-1,2025-02,5796.99,289.85,2025-03-03
User-13,Zone-1,2025-02,4850.58,242.53,2025-03-03
User-3,Zone-1,2025-01,2610.13,130.51,2025-01-31
User-13,Zone-1,2025-02,4260.37,213.02,2025-03-03
User-2,Zone-1,2025-02,7189.11,359.46,2025-03-03
User-10,Zone-1,2025-02,7005.83,350.29,2025-03-03
User-13,Zone-1,2025-02,7418.79,370.94,2025-03-03
User-10,Zone-1,2025-01,3837.89,191.89,2025-01-31
User-12,Zone-1,2025-02,6825.29,341.26,2025-03-03
User-14,Zone-1,2025-02,4619.66,230.98,2025-03-03
User-13,Zone-1,2025-03,4128.49,206.42,2025-03-31
User-1,Zone-1,2025-03,7122.95,356.15,2025-03-31
User-13,Zone-1,2025-01,8667.87,433.39,2025-01-31
User-8,Zone-1,2025-03,1171.9,58.6,2025-03-31
User-14,Zone-1,2025-02,6011.41,300.57,2025-03-03
User-13,Zone-1,2025-02,9077.11,453.86,2025-03-03
User-7,Zone-1,2025-02,3374.94,168.75,2025-03-03
User-4,Zone-1,2025-01,9469.56,473.48,2025-01-31
User-15,Zone-1,2025-02,4533.77,226.69,2025-03-03
User-9,Zone-1,2025-02,9393.07,469.65,2025-03-03
User-15,Zone-1,2025-02,4738.84,236.94,2025-03-03
User-4,Zone-1,2025-01,5520.24,276.01,2025-01-31
User-10,Zone-1,2025-02,9972.89,498.64,2025-03-03
User-5,Zone-1,2025-02,7215.44,360.77,2025-03-03
User-15,Zone-1,2025-03,5649.79,282.49,2025-03-31
User-8,Zone-1,2025-01,1614.1,80.7,2025-01-31
User-4,Zone-1,2025-01,4790.68,239.53,2025-01-31
User-12,Zone-1,2025-02,9874.05,493.7,2025-03-03
User-9,Zone-1,2025-03,5581.25,279.06,2025-03-31
User-14,Zone-1,2025-01,2049.92,102.5,2025-01-31
User-3,Zone-1,2025-03,8964.21,448.21,2025-03-31
User-3,Zone-1,2025-03,8966.12,448.31,2025-03-31
User-13,Zone-1,2025-03,6344.02,317.2,2025-03-31
User-13,Zone-1,2025-01,3656.83,182.84,2025-01-31
User-10,Zone-1,2025-01,4845.23,242.26,2025-01-31
User-4,Zone-1,2025-01,2823.57,141.18,2025-01-31
User-13,Zone-1,2025-01,8059.37,402.97,2025-01-31
User-12,Zone-1,2025-03,2390.91,119.55,2025-03-31
User-4,Zone-1,2025-02,2416.66,120.83,2025-03-03
User-2,Zone-1,2025-01,5249.55,262.48,2025-01-31
User-13,Zone-1,2025-03,1117.24,55.86,2025-03-31
User-7,Zone-1,2025-01,2233.84,111.69,2025-01-31
User-4,Zone-1,2025-01,8661.22,433.06,2025-01-31
User-15,Zone-1,2025-03,8860.31,443.02,2025-03-31
User-1,Zone-1,2025-03,8095.46,404.77,2025-03-31
User-5,Zone-1,2025-02,8013.65,400.68,2025-03-03
User-8,Zone-1,2025-02,3327.84,166.39,2025-03-03
User-14,Zone-1,2025-03,1617.42,80.87,2025-03-31
User-13,Zone-1,2025-01,8980.58,449.03,2025-01-31
User-6,Zone-1,2025-03,3972.58,198.63,2025-03-31
User-6,Zone-1,2025-03,1225.04,61.25,2025-03-31
User-1,Zone-1,2025-01,1915.05,95.75,2025-01-31
User-12,Zone-1,2025-02,1741.41,87.07,2025-03-03
User-8,Zone-1,2025-02,2333.41,116.67,2025-03-03
User-4,Zone-1,2025-02,7711.36,385.57,2025-03-03
User-3,Zone-1,2025-02,1722.59,86.13,2025-03-03
User-13,Zone-1,2025-02,8482.55,424.13,2025-03-03
User-14,Zone-1,2025-03,8150.18,407.51,2025-03-31
User-11,Zone-1,2025-02,6547.76,327.39,2025-03-03
User-7,Zone-1,2025-03,2872.98,143.65,2025-03-31
User-2,Zone-1,2025-01,1177.69,58.88,2025-01-31
User-7,Zone-1,2025-01,5360.58,268.03,2025-01-31
User-3,Zone-1,2025-03,1969.6,98.48,2025-03-31
User-12,Zone-1,2025-02,7639.15,381.96,2025-03-03
User-11,Zone-1,2025-01,6563.24,328.16,2025-01-31
User-8,Zone-1,2025-02,6234.7,311.74,2025-03-03
User-10,Zone-1,2025-01,6012.06,300.6,2025-01-31
User-6,Zone-1,2025-02,7840.56,392.03,2025-03-03
User-6,Zone-1,2025-01,4574.19,228.71,2025-01-31
User-8,Zone-1,2025-01,5631.15,281.56,2025-01-31
User-12,Zone-1,2025-02,5047.46,252.37,2025-03-03
User-1,Zone-1,2025-03,9063.5,453.18,2025-03-31
User-13,Zone-1,2025-01,8032.87,401.64,2025-01-31
User-13,Zone-1,2025-02,4800.7,240.03,2025-03-03
User-15,Zone-1,2025-03,4909.43,245.47,2025-03-31
User-12,Zone-1,2025-02,1226.9,61.35,2025-03-03
User-11,Zone-1,2025-01,4646.3,232.32,2025-01-31
User-1,Zone-1,2025-02,5593.64,279.68,2025-03-03
User-3,Zone-1,2025-03,9582.28,479.11,2025-03-31
User-6,Zone-1,2025-01,1231.45,61.57,2025-01-31
User-13,Zone-1,2025-03,1575.4,78.77,2025-03-31
User-11,Zone-1,2025-02,3765.64,188.28,2025-03-03
User-4,Zone-1,2025-02,5000.02,250.0,2025-03-03
User-5,Zone-1,2025-03,7388.77,369.44,2025-03-31
User-8,Zone-1,2025-03,4741.4,237.07,2025-03-31
User-9,Zone-1,2025-01,1881.01,94.05,2025-01-31
User-3,Zone-1,2025-03,8968.75,448.44,2025-03-31
User-2,Zone-1,2025-02,9981.04,499.05,2025-03-03
User-13,Zone-1,2025-03,8165.57,408.28,2025-03-31
User-15,Zone-1,2025-02,8487.85,424.39,2025-03-03
User-12,Zone-1,2025-03,8159.09,407.95,2025-03-31
User-4,Zone-1,2025-01,4824.68,241.23,2025-01-31
User-15,Zone-1,2025-01,5740.57,287.03,2025-01-31
User-6,Zone-1,2025-01,3905.04,195.25,2025-01-31
User-15,Zone-1,2025-01,2312.59,115.63,2025-01-31
User-9,Zone-1,2025-02,6678.1,333.91,2025-03-03
User-15,Zone-1,2025-01,8048.09,402.4,2025-01-31
User-2,Zone-1,2025-02,5967.67,298.38,2025-03-03
User-14,Zone-1,2025-03,8700.92,435.05,2025-03-31
User-11,Zone-1,2025-03,9140.56,457.03,2025-03-31
User-5,Zone-1,2025-03,3332.74,166.64,2025-03-31
User-12,Zone-1,2025-01,3589.65,179.48,2025-01-31
User-3,Zone-1,2025-03,2619.35,130.97,2025-03-31
User-15,Zone-1,2025-02,7215.42,360.77,2025-03-03
User-15,Zone-1,2025-01,9791.22,489.56,2025-01-31
User-6,Zone-1,2025-03,8106.47,405.32,2025-03-31
User-13,Zone-1,2025-01,9241.17,462.06,2025-01-31
User-2,Zone-1,2025-02,6359.41,317.97,2025-03-03
User-2,Zone-1,2025-03,1300.42,65.02,2025-03-31
User-3,Zone-1,2025-01,4931.97,246.6,2025-01-31
User-12,Zone-1,2025-03,9562.29,478.11,2025-03-31
User-2,Zone-1,2025-02,6108.49,305.42,2025-03-03
User-3,Zone-1,2025-03,5884.61,294.23,2025-03-31
User-9,Zone-1,2025-02,4381.77,219.09,2025-03-03
User-9,Zone-1,2025-03,7815.66,390.78,2025-03-31
User-14,Zone-1,2025-03,8271.67,413.58,2025-03-31
User-10,Zone-1,2025-02,5351.27,267.56,2025-03-03
User-1,Zone-1,2025-01,3513.27,175.66,2025-01-31
User-10,Zone-1,2025-01,1432.77,71.64,2025-01-31
User-5,Zone-1,2025-03,5472.26,273.61,2025-03-31
User-5,Zone-1,2025-03,1488.65,74.43,2025-03-31
User-15,Zone-1,2025-02,1765.57,88.28,2025-03-03
User-7,Zone-1,2025-01,2241.26,112.06,2025-01-31
User-2,Zone-1,2025-01,1382.23,69.11,2025-01-31
User-13,Zone-1,2025-03,5909.26,295.46,2025-03-31
User-15,Zone-1,2025-03,9991.93,499.6,2025-03-31
User-4,Zone-1,2025-02,5515.37,275.77,2025-03-03
User-14,Zone-1,2025-03,4380.92,219.05,2025-03-31
User-6,Zone-1,2025-03,6195.12,309.76,2025-03-31
User-2,Zone-1,2025-01,3622.08,181.1,2025-01-31
User-11,Zone-1,2025-01,6910.86,345.54,2025-01-31
User-1,Zone-1,2025-01,4500.08,225.0,2025-01-31
User-12,Zone-1,2025-01,5803.29,290.16,2025-01-31
User-12,Zone-1,2025-01,5932.16,296.61,2025-01-31
User-4,Zone-1,2025-02,3819.63,190.98,2025-03-03
User-8,Zone-1,2025-01,1113.92,55.7,2025-01-31
User-3,Zone-1,2025-03,5899.06,294.95,2025-03-31
User-5,Zone-1,2025-03,7117.18,355.86,2025-03-31
User-13,Zone-1,2025-03,6869.33,343.47,2025-03-31
User-8,Zone-1,2025-01,9435.97,471.8,2025-01-31
User-14,Zone-1,2025-03,7081.24,354.06,2025-03-31
User-10,Zone-1,2025-01,3528.94,176.45,2025-01-31
User-14,Zone-1,2025-03,8300.31,415.02,2025-03-31
User-9,Zone-1,2025-03,6412.95,320.65,2025-03-31
User-3,Zone-1,2025-03,4449.28,222.46,2025-03-31
User-11,Zone-1,2025-02,2036.84,101.84,2025-03-03
User-10,Zone-1,2025-03,2264.97,113.25,2025-03-31
User-14,Zone-1,2025-03,2777.21,138.86,2025-03-31
User-1,Zone-1,2025-02,2514.33,125.72,2025-03-03
User-13,Zone-1,2025-01,4922.38,246.12,2025-01-31
User-9,Zone-1,2025-01,3769.32,188.47,2025-01-31
User-9,Zone-1,2025-02,7544.15,377.21,2025-03-03
User-5,Zone-1,2025-03,4451.29,222.56,2025-03-31
User-9,Zone-1,2025-01,3724.08,186.2,2025-01-31
User-14,Zone-1,2025-02,7080.62,354.03,2025-03-03
User-11,Zone-1,2025-02,3147.52,157.38,2025-03-03
User-9,Zone-1,2025-02,2802.08,140.1,2025-03-03
User-4,Zone-1,2025-01,1934.08,96.7,2025-01-31
User-8,Zone-1,2025-02,3522.15,176.11,2025-03-03
User-8,Zone-1,2025-02,9882.08,494.1,2025-03-03
User-3,Zone-1,2025-01,6360.86,318.04,2025-01-31
User-10,Zone-1,2025-03,3803.1,190.16,2025-03-31
User-14,Zone-1,2025-03,6520.09,326.0,2025-03-31
User-10,Zone-1,2025-02,2328.83,116.44,2025-03-03
User-7,Zone-1,2025-03,4561.11,228.06,2025-03-31
User-7,Zone-1,2025-01,6881.11,344.06,2025-01-31
User-14,Zone-1,2025-01,2035.29,101.76,2025-01-31
User-13,Zone-1,2025-02,3234.39,161.72,2025-03-03
User-15,Zone-1,2025-03,6760.01,338.0,2025-03-31
User-3,Zone-1,2025-03,9909.81,495.49,2025-03-31
User-2,Zone-1,2025-01,7723.71,386.19,2025-01-31
User-3,Zone-1,2025-03,2691.75,134.59,2025-03-31
User-8,Zone-1,2025-03,8551.82,427.59,2025-03-31
User-9,Zone-1,2025-01,8377.7,418.89,2025-01-31
User-11,Zone-1,2025-03,8400.91,420.05,2025-03-31
User-13,Zone-1,2025-02,5386.02,269.3,2025-03-03
User-7,Zone-1,2025-02,1448.91,72.45,2025-03-03
User-13,Zone-1,2025-03,2017.16,100.86,2025-03-31
User-12,Zone-1,2025-01,7565.7,378.29,2025-01-31
User-5,Zone-1,2025-03,8318.59,415.93,2025-03-31
User-13,Zone-1,2025-03,8762.29,438.11,2025-03-31
User-12,Zone-1,2025-01,3029.27,151.46,2025-01-31
User-10,Zone-1,2025-02,4359.2,217.96,2025-03-03
User-2,Zone-1,2025-03,8201.63,410.08,2025-03-31
User-6,Zone-1,2025-01,5898.21,294.91,2025-01-31
User-10,Zone-1,2025-01,4644.51,232.23,2025-01-31
User-1,Zone-1,2025-03,4541.63,227.08,2025-03-31
User-11,Zone-1,2025-02,8661.91,433.1,2025-03-03
User-15,Zone-1,2025-01,9682.24,484.11,2025-01-31
User-6,Zone-1,2025-03,4086.87,204.34,2025-03-31
User-11,Zone-1,2025-02,8894.73,444.74,2025-03-03
User-15,Zone-1,2025-01,3020.61,151.03,2025-01-31
User-7,Zone-1,2025-03,2522.53,126.13,2025-03-31
User-11,Zone-1,2025-02,3600.33,180.02,2025-03-03
User-4,Zone-1,2025-02,2758.59,137.93,2025-03-03
User-15,Zone-1,2025-02,3240.89,162.04,2025-03-03
User-11,Zone-1,2025-03,1677.39,83.87,2025-03-31
User-3,Zone-1,2025-01,9239.16,461.96,2025-01-31
User-3,Zone-1,2025-03,4521.56,226.08,2025-03-31
User-8,Zone-1,2025-03,8494.85,424.74,2025-03-31
User-7,Zone-1,2025-01,6991.07,349.55,2025-01-31
User-12,Zone-1,2025-03,8738.89,436.94,2025-03-31
User-3,Zone-1,2025-01,5800.15,290.01,2025-01-31
User-7,Zone-1,2025-01,9655.71,482.79,2025-01-31
User-5,Zone-1,2025-02,9483.17,474.16,2025-03-03
User-12,Zone-1,2025-02,7235.48,361.77,2025-03-03
User-8,Zone-1,2025-02,9584.1,479.21,2025-03-03
User-6,Zone-1,2025-03,4838.14,241.91,2025-03-31
User-9,Zone-1,2025-01,4704.94,235.25,2025-01-31
User-6,Zone-1,2025-03,8676.02,433.8,2025-03-31
User-12,Zone-1,2025-03,2715.67,135.78,2025-03-31
User-1,Zone-1,2025-02,2883.72,144.19,2025-03-03
User-4,Zone-1,2025-02,6001.78,300.09,2025-03-03
User-1,Zone-1,2025-03,8446.51,422.33,2025-03-31
User-13,Zone-1,2025-01,8511.28,425.56,2025-01-31
User-3,Zone-1,2025-03,2992.3,149.62,2025-03-31
User-14,Zone-1,2025-03,2292.74,114.64,2025-03-31
User-9,Zone-1,2025-01,1369.19,68.46,2025-01-31
User-11,Zone-1,2025-02,1636.07,81.8,2025-03-03
User-15,Zone-1,2025-01,5840.44,292.02,2025-01-31
User-14,Zone-1,2025-02,2341.25,117.06,2025-03-03
User-15,Zone-1,2025-02,1226.98,61.35,2025-03-03
User-14,Zone-1,2025-02,3592.4,179.62,2025-03-03
User-13,Zone-1,2025-03,7362.98,368.15,2025-03-31
User-3,Zone-1,2025-03,6694.35,334.72,2025-03-31
User-7,Zone-1,2025-01,7670.32,383.52,2025-01-31
User-6,Zone-1,2025-01,2527.17,126.36,2025-01-31
User-5,Zone-1,2025-02,6812.15,340.61,2025-03-03
User-6,Zone-1,2025-02,7815.93,390.8,2025-03-03
User-2,Zone-1,2025-01,8881.61,444.08,2025-01-31
User-2,Zone-1,2025-03,1165.43,58.27,2025-03-31
User-13,Zone-1,2025-01,8305.69,415.28,2025-01-31
User-1,Zone-1,2025-02,8475.14,423.76,2025-03-03
User-6,Zone-1,2025-01,4888.94,244.45,2025-01-31
User-9,Zone-1,2025-03,6452.32,322.62,2025-03-31
User-7,Zone-1,2025-03,3490.31,174.52,2025-03-31
User-9,Zone-1,2025-02,7524.7,376.24,2025-03-03
User-15,Zone-1,2025-03,8528.65,426.43,2025-03-31
User-14,Zone-1,2025-02,5190.21,259.51,2025-03-03
User-9,Zone-1,2025-03,9198.96,459.95,2025-03-31
User-3,Zone-1,2025-03,8922.45,446.12,2025-03-31
User-13,Zone-1,2025-02,8664.46,433.22,2025-03-03
User-13,Zone-1,2025-03,7287.01,364.35,2025-03-31
User-10,Zone-1,2025-02,4411.33,220.57,2025-03-03
User-5,Zone-1,2025-01,6437.31,321.87,2025-01-31
User-8,Zone-1,2025-03,6631.98,331.6,2025-03-31
User-12,Zone-1,2025-02,7614.36,380.72,2025-03-03
User-13,Zone-1,2025-01,9320.4,466.02,2025-01-31
User-9,Zone-1,2025-03,8045.41,402.27,2025-03-31
User-6,Zone-1,2025-01,4315.69,215.78,2025-01-31
User-14,Zone-1,2025-01,7542.73,377.14,2025-01-31
User-14,Zone-1,2025-03,1896.07,94.8,2025-03-31
User-10,Zone-1,2025-02,6341.5,317.08,2025-03-03
User-11,Zone-1,2025-03,5330.23,266.51,2025-03-31
User-10,Zone-1,2025-01,9336.58,466.83,2025-01-31
User-15,Zone-1,2025-01,4773.65,238.68,2025-01-31
User-9,Zone-1,2025-03,4134.3,206.72,2025-03-31
User-6,Zone-1,2025-02,1174.11,58.71,2025-03-03
User-9,Zone-1,2025-03,5541.58,277.08,2025-03-31
User-3,Zone-1,2025-03,9282.22,464.11,2025-03-31
User-12,Zone-1,2025-03,2670.3,133.52,2025-03-31
User-5,Zone-1,2025-01,2635.36,131.77,2025-01-31
User-14,Zone-1,2025-01,5570.31,278.52,2025-01-31
User-15,Zone-1,2025-02,2098.44,104.92,2025-03-03
User-11,Zone-1,2025-01,1422.29,71.11,2025-01-31
User-11,Zone-1,2025-02,4169.73,208.49,2025-03-03
User-2,Zone-1,2025-02,7919.67,395.98,2025-03-03
User-12,Zone-1,2025-01,1403.89,70.19,2025-01-31
User-12,Zone-1,2025-02,7560.46,378.02,2025-03-03
User-11,Zone-1,2025-03,4747.47,237.37,2025-03-31
User-10,Zone-1,2025-03,2500.52,125.03,2025-03-31
User-11,Zone-1,2025-03,2590.41,129.52,2025-03-31
User-4,Zone-1,2025-02,1158.05,57.9,2025-03-03
User-6,Zone-1,2025-02,3538.53,176.93,2025-03-03
User-2,Zone-1,2025-03,3373.27,168.66,2025-03-31
User-2,Zone-1,2025-01,7521.19,376.06,2025-01-31
User-14,Zone-1,2025-01,7569.8,378.49,2025-01-31
User-9,Zone-1,2025-02,3236.04,161.8,2025-03-03
User-11,Zone-1,2025-03,5286.41,264.32,2025-03-31
User-15,Zone-1,2025-02,9458.89,472.94,2025-03-03
User-6,Zone-1,2025-03,4078.64,203.93,2025-03-31
User-3,Zone-1,2025-03,4966.47,248.32,2025-03-31
User-6,Zone-1,2025-03,4471.76,223.59,2025-03-31
User-4,Zone-1,2025-02,9406.02,470.3,2025-03-03
User-14,Zone-1,2025-01,2853.67,142.68,2025-01-31
User-9,Zone-1,2025-02,6854.62,342.73,2025-03-03
User-9,Zone-1,2025-03,6275.55,313.78,2025-03-31
User-12,Zone-1,2025-03,5275.5,263.78,2025-03-31
User-8,Zone-1,2025-01,7848.88,392.44,2025-01-31
User-1,Zone-1,2025-01,8789.14,439.46,2025-01-31
User-12,Zone-1,2025-02,8744.86,437.24,2025-03-03
User-15,Zone-1,2025-01,7523.99,376.2,2025-01-31
User-15,Zone-1,2025-01,2972.2,148.61,2025-01-31
User-9,Zone-1,2025-02,5353.35,267.67,2025-03-03
User-4,Zone-1,2025-01,6020.69,301.03,2025-01-31
User-10,Zone-1,2025-02,4224.35,211.22,2025-03-03
User-4,Zone-1,2025-02,5141.77,257.09,2025-03-03
User-15,Zone-1,2025-03,5396.87,269.84,2025-03-31
User-11,Zone-1,2025-01,7701.59,385.08,2025-01-31
User-1,Zone-1,2025-03,4257.25,212.86,2025-03-31
User-4,Zone-1,2025-01,5583.22,279.16,2025-01-31
User-4,Zone-1,2025-02,7051.01,352.55,2025-03-03
User-8,Zone-1,2025-01,3606.39,180.32,2025-01-31
User-14,Zone-1,2025-03,3312.12,165.61,2025-03-31
User-13,Zone-1,2025-03,1433.06,71.65,2025-03-31
User-5,Zone-1,2025-03,1541.43,77.07,2025-03-31
User-14,Zone-1,2025-01,2421.49,121.07,2025-01-31
User-1,Zone-1,2025-01,9594.34,479.72,2025-01-31
User-6,Zone-1,2025-02,4023.81,201.19,2025-03-03
User-9,Zone-1,2025-01,6119.19,305.96,2025-01-31
User-4,Zone-1,2025-01,5125.42,256.27,2025-01-31
User-2,Zone-1,2025-01,4175.04,208.75,2025-01-31
User-8,Zone-1,2025-02,4835.82,241.79,2025-03-03
User-10,Zone-1,2025-01,5534.63,276.73,2025-01-31
User-3,Zone-1,2025-02,9777.98,488.9,2025-03-03
User-3,Zone-1,2025-01,8177.83,408.89,2025-01-31
User-15,Zone-1,2025-01,6539.42,326.97,2025-01-31
User-15,Zone-1,2025-02,2844.72,142.24,2025-03-03
User-3,Zone-1,2025-02,1708.11,85.41,2025-03-03
User-1,Zone-1,2025-02,1442.4,72.12,2025-03-03
User-11,Zone-1,2025-02,8634.6,431.73,2025-03-03
User-8,Zone-1,2025-02,3859.54,192.98,2025-03-03
User-9,Zone-1,2025-03,8179.66,408.98,2025-03-31
User-10,Zone-1,2025-03,7450.92,372.55,2025-03-31
User-13,Zone-1,2025-02,3342.16,167.11,2025-03-03
User-1,Zone-1,2025-02,6291.58,314.58,2025-03-03
User-11,Zone-1,2025-02,8918.81,445.94,2025-03-03
User-14,Zone-1,2025-03,4949.3,247.47,2025-03-31
User-9,Zone-1,2025-03,1141.47,57.07,2025-03-31
User-4,Zone-1,2025-01,4686.69,234.33,2025-01-31
User-5,Zone-1,2025-02,2196.94,109.85,2025-03-03
User-13,Zone-1,2025-03,6413.69,320.68,2025-03-31
User-7,Zone-1,2025-02,1505.82,75.29,2025-03-03
User-8,Zone-1,2025-01,7472.02,373.6,2025-01-31
User-1,Zone-1,2025-03,5422.89,271.14,2025-03-31
User-14,Zone-1,2025-02,7610.67,380.53,2025-03-03
User-8,Zone-1,2025-03,1743.21,87.16,2025-03-31
User-14,Zone-1,2025-03,8528.04,426.4,2025-03-31
User-4,Zone-1,2025-01,7006.36,350.32,2025-01-31
User-6,Zone-1,2025-01,5438.21,271.91,2025-01-31
User-4,Zone-1,2025-01,5893.31,294.67,2025-01-31
User-14,Zone-1,2025-02,4659.31,232.97,2025-03-03
User-2,Zone-1,2025-03,5075.82,253.79,2025-03-31
User-10,Zone-1,2025-02,5277.68,263.88,2025-03-03
User-1,Zone-1,2025-01,6560.01,328.0,2025-01-31
User-13,Zone-1,2025-03,3949.54,197.48,2025-03-31
User-15,Zone-1,2025-03,1558.4,77.92,2025-03-31
User-14,Zone-1,2025-01,5049.71,252.49,2025-01-31
User-6,Zone-1,2025-01,5574.05,278.7,2025-01-31
User-3,Zone-1,2025-02,1814.98,90.75,2025-03-03
User-11,Zone-1,2025-01,1877.91,93.9,2025-01-31
User-11,Zone-1,2025-03,3921.4,196.07,2025-03-31
User-8,Zone-1,2025-01,4535.8,226.79,2025-01-31
User-13,Zone-1,2025-01,7007.24,350.36,2025-01-31
User-11,Zone-1,2025-02,6177.88,308.89,2025-03-03
User-2,Zone-1,2025-03,4717.18,235.86,2025-03-31
User-13,Zone-1,2025-03,2883.42,144.17,2025-03-31
User-13,Zone-1,2025-02,9638.11,481.91,2025-03-03
User-13,Zone-1,2025-02,2926.47,146.32,2025-03-03
User-15,Zone-1,2025-01,5737.91,286.9,2025-01-31
User-4,Zone-1,2025-01,8001.39,400.07,2025-01-31
User-7,Zone-1,2025-02,4592.18,229.61,2025-03-03
User-14,Zone-1,2025-03,8091.0,404.55,2025-03-31
User-6,Zone-1,2025-03,6068.16,303.41,2025-03-31
User-4,Zone-1,2025-02,9173.95,458.7,2025-03-03
User-15,Zone-1,2025-02,4491.87,224.59,2025-03-03
User-10,Zone-1,2025-03,4024.52,201.23,2025-03-31
User-10,Zone-1,2025-02,8338.54,416.93,2025-03-03
User-7,Zone-1,2025-03,5522.67,276.13,2025-03-31
User-10,Zone-1,2025-03,5946.13,297.31,2025-03-31
User-5,Zone-1,2025-03,5207.73,260.39,2025-03-31
User-13,Zone-1,2025-01,1643.17,82.16,2025-01-31
User-10,Zone-1,2025-03,6570.77,328.54,2025-03-31
User-1,Zone-1,2025-02,4465.32,223.27,2025-03-03
User-6,Zone-1,2025-01,1953.37,97.67,2025-01-31
User-11,Zone-1,2025-01,2023.1,101.16,2025-01-31
User-11,Zone-1,2025-02,1833.44,91.67,2025-03-03
User-3,Zone-1,2025-02,4867.27,243.36,2025-03-03
User-15,Zone-1,2025-03,3764.05,188.2,2025-03-31
User-3,Zone-1,2025-01,7676.55,383.83,2025-01-31
User-1,Zone-1,2025-02,5183.31,259.17,2025-03-03
User-14,Zone-1,2025-01,7156.89,357.84,2025-01-31
User-4,Zone-1,2025-02,8940.89,447.04,2025-03-03
User-5,Zone-1,2025-01,2446.89,122.34,2025-01-31
User-15,Zone-1,2025-01,1567.94,78.4,2025-01-31
User-5,Zone-1,2025-01,8850.25,442.51,2025-01-31
User-11,Zone-1,2025-03,1599.33,79.97,2025-03-31
User-11,Zone-1,2025-01,3341.98,167.1,2025-01-31
User-6,Zone-1,2025-02,2602.65,130.13,2025-03-03
User-15,Zone-1,2025-01,1573.65,78.68,2025-01-31
User-2,Zone-1,2025-01,5367.15,268.36,2025-01-31
User-10,Zone-1,2025-01,9172.83,458.64,2025-01-31
User-9,Zone-1,2025-01,5628.86,281.44,2025-01-31
User-1,Zone-1,2025-02,8472.8,423.64,2025-03-03
User-10,Zone-1,2025-02,6904.9,345.25,2025-03-03
User-7,Zone-1,2025-02,3443.28,172.16,2025-03-03
User-11,Zone-1,2025-01,3932.05,196.6,2025-01-31
User-13,Zone-1,2025-01,3642.88,182.14,2025-01-31
User-11,Zone-1,2025-03,5643.48,282.17,2025-03-31
User-4,Zone-1,2025-01,1427.21,71.36,2025-01-31
User-14,Zone-1,2025-03,8267.38,413.37,2025-03-31
User-10,Zone-1,2025-03,5686.28,284.31,2025-03-31
User-1,Zone-1,2025-01,8256.5,412.83,2025-01-31
User-13,Zone-1,2025-03,5512.17,275.61,2025-03-31
User-11,Zone-1,2025-02,4296.26,214.81,2025-03-03
User-4,Zone-1,2025-01,9442.84,472.14,2025-01-31
User-15,Zone-1,2025-03,5313.1,265.66,2025-03-31
User-9,Zone-1,2025-02,3347.89,167.39,2025-03-03
User-15,Zone-1,2025-03,2530.28,126.51,2025-03-31
User-4,Zone-1,2025-03,4144.56,207.23,2025-03-31
User-13,Zone-1,2025-02,3761.37,188.07,2025-03-03
User-9,Zone-1,2025-01,6979.77,348.99,2025-01-31
User-9,Zone-1,2025-03,9967.68,498.38,2025-03-31
User-8,Zone-1,2025-01,4018.02,200.9,2025-01-31
User-7,Zone-1,2025-01,6332.1,316.61,2025-01-31
User-13,Zone-1,2025-01,4195.39,209.77,2025-01-31
User-10,Zone-1,2025-03,1447.48,72.37,2025-03-31
User-6,Zone-1,2025-01,6296.95,314.85,2025-01-31
User-12,Zone-1,2025-03,7520.53,376.03,2025-03-31
User-2,Zone-1,2025-02,9510.55,475.53,2025-03-03
User-5,Zone-1,2025-03,3240.82,162.04,2025-03-31
User-3,Zone-1,2025-03,6387.48,319.37,2025-03-31
User-10,Zone-1,2025-02,5226.75,261.34,2025-03-03
User-5,Zone-1,2025-01,9305.08,465.25,2025-01-31
User-6,Zone-1,2025-02,1500.31,75.02,2025-03-03
User-13,Zone-1,2025-01,1396.92,69.85,2025-01-31
User-2,Zone-1,2025-02,9126.1,456.31,2025-03-03
User-4,Zone-1,2025-03,1898.49,94.92,2025-03-31
User-12,Zone-1,2025-01,8907.2,445.36,2025-01-31
User-12,Zone-1,2025-01,4732.04,236.6,2025-01-31
User-3,Zone-1,2025-01,6534.51,326.73,2025-01-31
User-2,Zone-1,2025-03,8958.16,447.91,2025-03-31
User-8,Zone-1,2025-02,8759.2,437.96,2025-03-03
User-10,Zone-1,2025-02,5137.21,256.86,2025-03-03
User-13,Zone-1,2025-03,1551.7,77.59,2025-03-31
User-9,Zone-1,2025-01,5305.7,265.29,2025-01-31
User-10,Zone-1,2025-01,1809.71,90.49,2025-01-31
User-14,Zone-1,2025-01,6807.49,340.37,2025-01-31
User-10,Zone-1,2025-01,3179.27,158.96,2025-01-31
User-10,Zone-1,2025-03,5056.97,252.85,2025-03-31
User-6,Zone-1,2025-02,1837.18,91.86,2025-03-03
User-9,Zone-1,2025-03,3836.31,191.82,2025-03-31
User-5,Zone-1,2025-03,4590.61,229.53,2025-03-31
User-4,Zone-1,2025-03,6284.04,314.2,2025-03-31
User-12,Zone-1,2025-01,7980.44,399.02,2025-01-31
User-5,Zone-1,2025-03,7506.33,375.32,2025-03-31
User-13,Zone-1,2025-02,4698.37,234.92,2025-03-03
User-12,Zone-1,2025-02,6053.33,302.67,2025-03-03
User-12,Zone-1,2025-03,6774.28,338.71,2025-03-31
User-4,Zone-1,2025-01,6997.34,349.87,2025-01-31
User-4,Zone-1,2025-02,9070.22,453.51,2025-03-03
User-11,Zone-1,2025-01,9026.85,451.34,2025-01-31
User-2,Zone-1,2025-01,9785.01,489.25,2025-01-31
User-6,Zone-1,2025-03,3375.62,168.78,2025-03-31
User-11,Zone-1,2025-03,5619.66,280.98,2025-03-31
User-7,Zone-1,2025-02,2558.44,127.92,2025-03-03
User-14,Zone-1,2025-03,2146.76,107.34,2025-03-31
User-10,Zone-1,2025-03,2176.75,108.84,2025-03-31
User-12,Zone-1,2025-01,8529.0,426.45,2025-01-31
User-4,Zone-1,2025-03,9943.0,497.15,2025-03-31
User-3,Zone-1,2025-03,7703.88,385.19,2025-03-31
User-4,Zone-1,2025-02,3165.37,158.27,2025-03-03
User-5,Zone-1,2025-03,3446.89,172.34,2025-03-31
User-12,Zone-1,2025-03,1619.26,80.96,2025-03-31
User-4,Zone-1,2025-02,6944.32,347.22,2025-03-03
User-8,Zone-1,2025-01,9287.5,464.38,2025-01-31
User-6,Zone-1,2025-03,7388.77,369.44,2025-03-31
User-6,Zone-1,2025-01,7146.73,357.34,2025-01-31
User-10,Zone-1,2025-02,3170.66,158.53,2025-03-03
User-3,Zone-1,2025-03,8180.74,409.04,2025-03-31
User-1,Zone-1,2025-01,1406.1,70.3,2025-01-31
User-14,Zone-1,2025-01,3086.76,154.34,2025-01-31
User-11,Zone-1,2025-03,7657.48,382.87,2025-03-31
User-11,Zone-1,2025-03,8591.14,429.56,2025-03-31
User-1,Zone-1,2025-03,5774.02,288.7,2025-03-31
User-10,Zone-1,2025-01,6443.02,322.15,2025-01-31
User-4,Zone-1,2025-03,8845.79,442.29,2025-03-31
User-1,Zone-1,2025-01,5476.28,273.81,2025-01-31
User-10,Zone-1,2025-03,2566.78,128.34,2025-03-31
User-12,Zone-1,2025-02,4529.67,226.48,2025-03-03
User-5,Zone-1,2025-03,9554.67,477.73,2025-03-31
User-10,Zone-1,2025-01,5872.52,293.63,2025-01-31
User-13,Zone-1,2025-02,8077.73,403.89,2025-03-03
User-14,Zone-1,2025-02,5435.67,271.78,2025-03-03
User-8,Zone-1,2025-01,8385.62,419.28,2025-01-31
User-1,Zone-1,2025-03,2943.24,147.16,2025-03-31
User-11,Zone-1,2025-03,3024.87,151.24,2025-03-31
User-4,Zone-1,2025-02,2567.71,128.39,2025-03-03
User-10,Zone-1,2025-03,2464.2,123.21,2025-03-31
User-2,Zone-1,2025-01,2769.41,138.47,2025-01-31
User-7,Zone-1,2025-01,3060.66,153.03,2025-01-31
User-6,Zone-1,2025-03,9376.74,468.84,2025-03-31
User-8,Zone-1,2025-01,1656.03,82.8,2025-01-31
User-15,Zone-1,2025-03,1884.13,94.21,2025-03-31
User-10,Zone-1,2025-03,7174.92,358.75,2025-03-31
User-8,Zone-1,2025-03,2487.11,124.36,2025-03-31
User-1,Zone-1,2025-01,9849.37,492.47,2025-01-31
User-11,Zone-1,2025-02,6461.07,323.05,2025-03-03
User-1,Zone-1,2025-03,5024.22,251.21,2025-03-31
User-9,Zone-1,2025-02,1265.13,63.26,2025-03-03
User-15,Zone-1,2025-01,4140.36,207.02,2025-01-31
User-6,Zone-1,2025-02,5037.74,251.89,2025-03-03
User-10,Zone-1,2025-02,5841.82,292.09,2025-03-03
User-3,Zone-1,2025-03,4593.9,229.69,2025-03-31
User-15,Zone-1,2025-03,3026.21,151.31,2025-03-31
User-10,Zone-1,2025-03,2746.04,137.3,2025-03-31
User-1,Zone-1,2025-02,1006.75,50.34,2025-03-03
User-9,Zone-1,2025-02,1956.73,97.84,2025-03-03
User-7,Zone-1,2025-02,5647.96,282.4,2025-03-03
User-4,Zone-1,2025-03,9087.02,454.35,2025-03-31
User-13,Zone-1,2025-01,5455.42,272.77,2025-01-31
User-12,Zone-1,2025-02,7387.88,369.39,2025-03-03
User-14,Zone-1,2025-02,3948.84,197.44,2025-03-03
User-1,Zone-1,2025-02,6256.86,312.84,2025-03-03
User-1,Zone-1,2025-02,8976.78,448.84,2025-03-03
User-14,Zone-1,2025-03,1627.92,81.4,2025-03-31
User-7,Zone-1,2025-03,9695.71,484.79,2025-03-31
User-11,Zone-1,2025-02,8746.76,437.34,2025-03-03
User-10,Zone-1,2025-01,5380.23,269.01,2025-01-31
User-1,Zone-1,2025-02,4912.64,245.63,2025-03-03
User-5,Zone-1,2025-01,4099.55,204.98,2025-01-31
User-2,Zone-1,2025-03,9025.23,451.26,2025-03-31
User-14,Zone-1,2025-01,4579.21,228.96,2025-01-31
User-6,Zone-1,2025-02,4807.34,240.37,2025-03-03
User-6,Zone-1,2025-01,3788.74,189.44,2025-01-31
User-6,Zone-1,2025-03,6313.22,315.66,2025-03-31
User-14,Zone-1,2025-02,4542.33,227.12,2025-03-03
User-14,Zone-1,2025-02,4791.5,239.58,2025-03-03
User-10,Zone-1,2025-03,3478.34,173.92,2025-03-31
User-9,Zone-1,2025-01,8065.97,403.3,2025-01-31
User-4,Zone-1,2025-02,4915.93,245.8,2025-03-03
User-8,Zone-1,2025-02,6934.85,346.74,2025-03-03
User-11,Zone-1,2025-02,3843.83,192.19,2025-03-03
User-10,Zone-1,2025-03,8104.34,405.22,2025-03-31
User-13,Zone-1,2025-01,1770.1,88.5,2025-01-31
User-14,Zone-1,2025-02,5651.9,282.59,2025-03-03
User-13,Zone-1,2025-01,3588.51,179.43,2025-01-31
User-4,Zone-1,2025-01,2311.42,115.57,2025-01-31
User-15,Zone-1,2025-01,1583.59,79.18,2025-01-31
User-7,Zone-1,2025-03,3183.57,159.18,2025-03-31
User-4,Zone-1,2025-03,8614.19,430.71,2025-03-31
User-6,Zone-1,2025-03,9285.4,464.27,2025-03-31
User-4,Zone-1,2025-03,6927.19,346.36,2025-03-31
User-15,Zone-1,2025-03,5771.76,288.59,2025-03-31
User-3,Zone-1,2025-03,4533.26,226.66,2025-03-31
User-10,Zone-1,2025-03,7005.53,350.28,2025-03-31
User-2,Zone-1,2025-02,2061.66,103.08,2025-03-03
User-12,Zone-1,2025-01,7689.51,384.48,2025-01-31
User-3,Zone-1,2025-03,5988.17,299.41,2025-03-31
User-6,Zone-1,2025-02,1875.42,93.77,2025-03-03
User-13,Zone-1,2025-01,2588.73,129.44,2025-01-31
User-9,Zone-1,2025-03,9188.31,459.42,2025-03-31
User-2,Zone-1,2025-02,9030.32,451.52,2025-03-03
User-7,Zone-1,2025-01,5826.58,291.33,2025-01-31
User-7,Zone-1,2025-03,5710.0,285.5,2025-03-31
User-9,Zone-1,2025-03,7800.43,390.02,2025-03-31
User-11,Zone-1,2025-02,6111.43,305.57,2025-03-03
User-8,Zone-1,2025-01,6432.86,321.64,2025-01-31
User-6,Zone-1,2025-01,4759.43,237.97,2025-01-31
User-13,Zone-1,2025-01,9306.43,465.32,2025-01-31
User-14,Zone-1,2025-03,7790.62,389.53,2025-03-31
User-13,Zone-1,2025-01,8492.71,424.64,2025-01-31
User-2,Zone-1,2025-03,4486.34,224.32,2025-03-31
User-7,Zone-1,2025-03,2130.6,106.53,2025-03-31
User-12,Zone-1,2025-01,2455.7,122.78,2025-01-31
User-11,Zone-1,2025-01,9026.44,451.32,2025-01-31
User-4,Zone-1,2025-01,4211.6,210.58,2025-01-31
User-12,Zone-1,2025-02,9287.87,464.39,2025-03-03
User-7,Zone-1,2025-02,9104.06,455.2,2025-03-03
User-15,Zone-1,2025-01,4140.32,207.02,2025-01-31
User-10,Zone-1,2025-03,2440.66,122.03,2025-03-31
User-5,Zone-1,2025-01,1042.08,52.1,2025-01-31
User-1,Zone-1,2025-03,8248.08,412.4,2025-03-31
User-5,Zone-1,2025-02,3634.91,181.75,2025-03-03
User-2,Zone-1,2025-03,3263.5,163.18,2025-03-31
User-2,Zone-1,2025-01,5722.91,286.15,2025-01-31
User-14,Zone-1,2025-02,4970.38,248.52,2025-03-03
User-1,Zone-1,2025-03,1878.84,93.94,2025-03-31
User-9,Zone-1,2025-01,5461.41,273.07,2025-01-31
User-9,Zone-1,2025-03,4155.87,207.79,2025-03-31
User-4,Zone-1,2025-02,6740.02,337.0,2025-03-03
User-2,Zone-1,2025-03,1051.51,52.58,2025-03-31
User-9,Zone-1,2025-03,7698.72,384.94,2025-03-31
User-4,Zone-1,2025-01,9811.74,490.59,2025-01-31
User-9,Zone-1,2025-01,7819.53,390.98,2025-01-31
User-6,Zone-1,2025-02,8760.76,438.04,2025-03-03
User-7,Zone-1,2025-02,4614.08,230.7,2025-03-03
User-8,Zone-1,2025-02,3177.8,158.89,2025-03-03
User-6,Zone-1,2025-03,4450.87,222.54,2025-03-31
User-6,Zone-1,2025-03,4045.34,202.27,2025-03-31
User-14,Zone-1,2025-03,6200.14,310.01,2025-03-31
User-2,Zone-1,2025-02,5240.89,262.04,2025-03-03
User-13,Zone-1,2025-01,2010.6,100.53,2025-01-31
User-1,Zone-1,2025-01,1324.85,66.24,2025-01-31
User-14,Zone-1,2025-01,3256.52,162.83,2025-01-31
User-1,Zone-1,2025-01,4896.06,244.8,2025-01-31
User-7,Zone-1,2025-02,6811.53,340.58,2025-03-03
User-11,Zone-1,2025-03,4586.88,229.34,2025-03-31
User-1,Zone-1,2025-02,9178.41,458.92,2025-03-03
User-15,Zone-1,2025-02,2548.45,127.42,2025-03-03
User-4,Zone-1,2025-01,1233.04,61.65,2025-01-31
User-15,Zone-1,2025-02,9883.96,494.2,2025-03-03
User-11,Zone-1,2025-02,6264.68,313.23,2025-03-03
User-8,Zone-1,2025-02,6297.24,314.86,2025-03-03
User-2,Zone-1,2025-03,5318.48,265.92,2025-03-31
User-3,Zone-1,2025-02,6103.81,305.19,2025-03-03
User-1,Zone-1,2025-03,7826.58,391.33,2025-03-31
User-1,Zone-1,2025-01,3289.5,164.48,2025-01-31
User-1,Zone-1,2025-02,7897.43,394.87,2025-03-03
User-4,Zone-1,2025-01,6352.89,317.64,2025-01-31
User-8,Zone-1,2025-03,9755.96,487.8,2025-03-31
User-11,Zone-1,2025-03,6095.26,304.76,2025-03-31
User-7,Zone-1,2025-01,5912.01,295.6,2025-01-31
User-4,Zone-1,2025-02,1319.73,65.99,2025-03-03
User-4,Zone-1,2025-01,3953.98,197.7,2025-01-31
User-5,Zone-1,2025-01,7338.02,366.9,2025-01-31
User-1,Zone-1,2025-03,2666.71,133.34,2025-03-31
User-4,Zone-1,2025-01,4299.63,214.98,2025-01-31
User-5,Zone-1,2025-02,9691.84,484.59,2025-03-03
User-2,Zone-1,2025-01,2205.07,110.25,2025-01-31
User-5,Zone-1,2025-02,9073.12,453.66,2025-03-03
User-5,Zone-1,2025-03,4769.49,238.47,2025-03-31
User-6,Zone-1,2025-03,5816.45,290.82,2025-03-31
User-10,Zone-1,2025-03,1053.82,52.69,2025-03-31
User-14,Zone-1,2025-03,2729.16,136.46,2025-03-31
User-9,Zone-1,2025-02,3190.78,159.54,2025-03-03
User-11,Zone-1,2025-03,1566.06,78.3,2025-03-31
User-14,Zone-1,2025-03,1976.09,98.8,2025-03-31
User-8,Zone-1,2025-03,7038.9,351.94,2025-03-31
User-8,Zone-1,2025-03,9037.98,451.9,2025-03-31
User-2,Zone-1,2025-03,4545.07,227.25,2025-03-31
User-7,Zone-1,2025-02,3063.36,153.17,2025-03-03
User-8,Zone-1,2025-03,1325.96,66.3,2025-03-31
User-8,Zone-1,2025-02,3271.39,163.57,2025-03-03
User-5,Zone-1,2025-02,4358.38,217.92,2025-03-03
User-3,Zone-1,2025-02,5625.54,281.28,2025-03-03
User-5,Zone-1,2025-01,4159.47,207.97,2025-01-31
User-2,Zone-1,2025-02,1274.76,63.74,2025-03-03
User-11,Zone-1,2025-03,1422.4,71.12,2025-03-31
User-7,Zone-1,2025-02,6148.13,307.41,2025-03-03
User-1,Zone-1,2025-01,4685.71,234.29,2025-01-31
User-7,Zone-1,2025-02,5404.33,270.22,2025-03-03
User-5,Zone-1,2025-02,9185.49,459.27,2025-03-03
User-11,Zone-1,2025-01,5687.66,284.38,2025-01-31
User-1,Zone-1,2025-03,8271.47,413.57,2025-03-31
User-14,Zone-1,2025-01,2442.14,122.11,2025-01-31
User-10,Zone-1,2025-03,4007.78,200.39,2025-03-31
User-5,Zone-1,2025-01,5952.56,297.63,2025-01-31
User-1,Zone-1,2025-02,5902.84,295.14,2025-03-03
User-11,Zone-1,2025-01,6525.13,326.26,2025-01-31
User-12,Zone-1,2025-02,6864.7,343.24,2025-03-03
User-1,Zone-1,2025-02,5344.87,267.24,2025-03-03
User-14,Zone-1,2025-01,2095.92,104.8,2025-01-31
User-2,Zone-1,2025-01,6354.1,317.71,2025-01-31
User-13,Zone-1,2025-03,7498.62,374.93,2025-03-31
User-10,Zone-1,2025-01,2270.18,113.51,2025-01-31
User-9,Zone-1,2025-03,1183.68,59.18,2025-03-31
User-13,Zone-1,2025-01,4630.97,231.55,2025-01-31
User-12,Zone-1,2025-02,6299.93,315.0,2025-03-03
User-13,Zone-1,2025-02,1939.97,97.0,2025-03-03
User-2,Zone-1,2025-03,3969.46,198.47,2025-03-31
User-5,Zone-1,2025-03,2361.33,118.07,2025-03-31
User-12,Zone-1,2025-03,2870.83,143.54,2025-03-31
User-15,Zone-1,2025-01,1329.23,66.46,2025-01-31
User-12,Zone-1,2025-03,2559.67,127.98,2025-03-31
User-15,Zone-1,2025-01,7273.09,363.65,2025-01-31
User-10,Zone-1,2025-02,4840.56,242.03,2025-03-03
User-8,Zone-1,2025-03,5687.06,284.35,2025-03-31
User-6,Zone-1,2025-01,8915.1,445.76,2025-01-31
User-10,Zone-1,2025-03,6965.61,348.28,2025-03-31
User-10,Zone-1,2025-02,6279.77,313.99,2025-03-03
User-4,Zone-1,2025-01,1130.95,56.55,2025-01-31
User-8,Zone-1,2025-01,8095.57,404.78,2025-01-31
User-7,Zone-1,2025-02,9392.24,469.61,2025-03-03
User-8,Zone-1,2025-03,4698.15,234.91,2025-03-31
User-8,Zone-1,2025-03,2548.54,127.43,2025-03-31
User-5,Zone-1,2025-02,7615.49,380.77,2025-03-03
User-6,Zone-1,2025-01,7977.62,398.88,2025-01-31
User-5,Zone-1,2025-01,4925.38,246.27,2025-01-31
User-15,Zone-1,2025-03,5051.46,252.57,2025-03-31
User-5,Zone-1,2025-03,4070.19,203.51,2025-03-31
User-13,Zone-1,2025-01,6055.96,302.8,2025-01-31
User-8,Zone-1,2025-02,9120.15,456.01,2025-03-03
User-8,Zone-1,2025-03,6502.32,325.12,2025-03-31
User-15,Zone-1,2025-01,6076.52,303.83,2025-01-31
User-15,Zone-1,2025-02,6653.28,332.66,2025-03-03
User-9,Zone-1,2025-03,4068.03,203.4,2025-03-31
User-2,Zone-1,2025-03,7368.6,368.43,2025-03-31
User-1,Zone-1,2025-01,7466.24,373.31,2025-01-31
User-3,Zone-1,2025-03,5507.26,275.36,2025-03-31
User-7,Zone-1,2025-02,8496.79,424.84,2025-03-03
User-9,Zone-1,2025-02,4479.59,223.98,2025-03-03
User-3,Zone-1,2025-02,3767.41,188.37,2025-03-03
User-10,Zone-1,2025-02,1508.95,75.45,2025-03-03
User-11,Zone-1,2025-02,1210.11,60.51,2025-03-03
User-3,Zone-1,2025-02,1491.12,74.56,2025-03-03
User-11,Zone-1,2025-03,7781.72,389.09,2025-03-31
User-9,Zone-1,2025-03,8689.15,434.46,2025-03-31
User-8,Zone-1,2025-02,9579.21,478.96,2025-03-03
User-10,Zone-1,2025-02,3686.2,184.31,2025-03-03
User-13,Zone-1,2025-02,8915.02,445.75,2025-03-03
User-4,Zone-1,2025-01,3398.72,169.94,2025-01-31
User-3,Zone-1,2025-02,5864.1,293.21,2025-03-03
User-1,Zone-1,2025-01,7469.09,373.45,2025-01-31
User-5,Zone-1,2025-01,9715.43,485.77,2025-01-31
User-8,Zone-1,2025-02,8579.69,428.98,2025-03-03
User-1,Zone-1,2025-02,5251.5,262.57,2025-03-03
User-12,Zone-1,2025-02,2913.1,145.66,2025-03-03
User-8,Zone-1,2025-01,6798.01,339.9,2025-01-31
User-4,Zone-1,2025-01,4270.44,213.52,2025-01-31
User-13,Zone-1,2025-03,9631.35,481.57,2025-03-31
User-6,Zone-1,2025-02,2751.75,137.59,2025-03-03
User-3,Zone-1,2025-03,8511.44,425.57,2025-03-31
User-5,Zone-1,2025-01,1163.09,58.15,2025-01-31
User-2,Zone-1,2025-02,8661.52,433.08,2025-03-03
User-3,Zone-1,2025-03,8103.75,405.19,2025-03-31
User-13,Zone-1,2025-03,2889.14,144.46,2025-03-31
User-10,Zone-1,2025-03,2531.41,126.57,2025-03-31
User-15,Zone-1,2025-02,1881.93,94.1,2025-03-03
User-10,Zone-1,2025-02,5078.81,253.94,2025-03-03
User-1,Zone-1,2025-03,8173.42,408.67,2025-03-31
User-13,Zone-1,2025-03,3490.43,174.52,2025-03-31
User-14,Zone-1,2025-02,9936.76,496.84,2025-03-03
User-8,Zone-1,2025-03,2403.67,120.18,2025-03-31
User-3,Zone-1,2025-03,6421.01,321.05,2025-03-31
User-2,Zone-1,2025-02,3762.42,188.12,2025-03-03
User-2,Zone-1,2025-02,2941.51,147.08,2025-03-03
User-4,Zone-1,2025-02,9393.71,469.69,2025-03-03
User-13,Zone-1,2025-01,9804.05,490.2,2025-01-31
User-12,Zone-1,2025-01,2509.34,125.47,2025-01-31
User-2,Zone-1,2025-01,9856.39,492.82,2025-01-31
User-11,Zone-1,2025-02,6794.9,339.75,2025-03-03
User-9,Zone-1,2025-03,4191.94,209.6,2025-03-31
User-8,Zone-1,2025-02,9375.05,468.75,2025-03-03
User-11,Zone-1,2025-03,5432.86,271.64,2025-03-31
User-1,Zone-1,2025-02,8368.26,418.41,2025-03-03
User-1,Zone-1,2025-02,3997.05,199.85,2025-03-03
User-7,Zone-1,2025-02,1290.0,64.5,2025-03-03
User-5,Zone-1,2025-02,6921.07,346.05,2025-03-03
User-12,Zone-1,2025-03,1698.0,84.9,2025-03-31
User-9,Zone-1,2025-01,2518.81,125.94,2025-01-31
User-1,Zone-1,2025-01,3631.62,181.58,2025-01-31
User-1,Zone-1,2025-02,4685.22,234.26,2025-03-03
User-2,Zone-1,2025-03,3602.91,180.15,2025-03-31
User-8,Zone-1,2025-01,1786.69,89.33,2025-01-31
User-14,Zone-1,2025-03,7500.72,375.04,2025-03-31
User-13,Zone-1,2025-03,9493.78,474.69,2025-03-31
User-14,Zone-1,2025-02,8125.01,406.25,2025-03-03
User-10,Zone-1,2025-02,6019.03,300.95,2025-03-03
User-1,Zone-1,2025-03,3736.21,186.81,2025-03-31
User-4,Zone-1,2025-02,8294.72,414.74,2025-03-03
User-4,Zone-1,2025-02,2820.15,141.01,2025-03-03
User-14,Zone-1,2025-03,5526.88,276.34,2025-03-31
User-11,Zone-1,2025-02,7521.69,376.08,2025-03-03
User-10,Zone-1,2025-01,7977.33,398.87,2025-01-31
User-6,Zone-1,2025-03,3266.27,163.31,2025-03-31
User-10,Zone-1,2025-02,5097.46,254.87,2025-03-03
User-12,Zone-1,2025-01,2212.67,110.63,2025-01-31
User-9,Zone-1,2025-02,9468.6,473.43,2025-03-03
User-12,Zone-1,2025-03,6772.01,338.6,2025-03-31
User-7,Zone-1,2025-01,7642.29,382.11,2025-01-31
User-2,Zone-1,2025-03,7446.48,372.32,2025-03-31
User-7,Zone-1,2025-01,2855.02,142.75,2025-01-31
User-6,Zone-1,2025-01,8294.32,414.72,2025-01-31
User-14,Zone-1,2025-03,2018.54,100.93,2025-03-31
User-10,Zone-1,2025-02,3279.01,163.95,2025-03-03
User-1,Zone-1,2025-01,2243.82,112.19,2025-01-31
User-12,Zone-1,2025-03,9599.43,479.97,2025-03-31
User-14,Zone-1,2025-01,8066.74,403.34,2025-01-31
User-12,Zone-1,2025-01,5042.06,252.1,2025-01-31
User-9,Zone-1,2025-03,6282.53,314.13,2025-03-31
User-2,Zone-1,2025-01,4117.88,205.89,2025-01-31
User-8,Zone-1,2025-01,6428.76,321.44,2025-01-31
User-12,Zone-1,2025-01,5942.59,297.13,2025-01-31
User-15,Zone-1,2025-01,5934.44,296.72,2025-01-31
User-14,Zone-1,2025-02,2845.9,142.3,2025-03-03
User-3,Zone-1,2025-03,9647.54,482.38,2025-03-31
User-14,Zone-1,2025-03,7429.15,371.46,2025-03-31
User-10,Zone-1,2025-01,5485.43,274.27,2025-01-31
User-14,Zone-1,2025-03,5569.24,278.46,2025-03-31
User-8,Zone-1,2025-01,3730.35,186.52,2025-01-31
User-3,Zone-1,2025-01,6304.17,315.21,2025-01-31
User-2,Zone-1,2025-01,7622.82,381.14,2025-01-31
User-8,Zone-1,2025-03,3871.67,193.58,2025-03-31
User-3,Zone-1,2025-02,4075.15,203.76,2025-03-03
User-7,Zone-1,2025-02,6097.48,304.87,2025-03-03
User-4,Zone-1,2025-01,4282.46,214.12,2025-01-31
User-5,Zone-1,2025-03,8896.29,444.81,2025-03-31
User-6,Zone-1,2025-01,7287.01,364.35,2025-01-31
User-3,Zone-1,2025-02,3326.41,166.32,2025-03-03
User-9,Zone-1,2025-01,5041.17,252.06,2025-01-31
User-12,Zone-1,2025-02,2697.43,134.87,2025-03-03
User-15,Zone-1,2025-01,3372.54,168.63,2025-01-31
User-4,Zone-1,2025-01,3311.26,165.56,2025-01-31
User-12,Zone-1,2025-02,8305.1,415.26,2025-03-03
User-8,Zone-1,2025-01,3308.39,165.42,2025-01-31
User-4,Zone-1,2025-01,4969.0,248.45,2025-01-31
User-12,Zone-1,2025-02,6395.87,319.79,2025-03-03
User-10,Zone-1,2025-03,7107.52,355.38,2025-03-31
User-2,Zone-1,2025-01,6018.67,300.93,2025-01-31
User-15,Zone-1,2025-02,2350.25,117.51,2025-03-03
User-15,Zone-1,2025-02,9939.49,496.97,2025-03-03
User-12,Zone-1,2025-02,3990.93,199.55,2025-03-03
User-3,Zone-1,2025-01,2315.19,115.76,2025-01-31
User-12,Zone-1,2025-03,6086.89,304.34,2025-03-31
User-10,Zone-1,2025-01,8266.12,413.31,2025-01-31
User-1,Zone-1,2025-02,1406.25,70.31,2025-03-03
User-14,Zone-1,2025-02,5933.23,296.66,2025-03-03
User-15,Zone-1,2025-02,7258.89,362.94,2025-03-03
User-10,Zone-1,2025-03,8738.2,436.91,2025-03-31
User-6,Zone-1,2025-02,2234.26,111.71,2025-03-03
User-13,Zone-1,2025-02,8192.51,409.63,2025-03-03
User-12,Zone-1,2025-02,5394.83,269.74,2025-03-03
User-1,Zone-1,2025-03,5386.33,269.32,2025-03-31
User-10,Zone-1,2025-02,3377.14,168.86,2025-03-03
User-10,Zone-1,2025-01,9758.43,487.92,2025-01-31
User-13,Zone-1,2025-01,5666.68,283.33,2025-01-31
User-10,Zone-1,2025-03,2698.85,134.94,2025-03-31
User-9,Zone-1,2025-02,4389.76,219.49,2025-03-03
User-6,Zone-1,2025-03,8331.35,416.57,2025-03-31
User-7,Zone-1,2025-01,4656.95,232.85,2025-01-31
User-8,Zone-1,2025-02,7096.28,354.81,2025-03-03
User-7,Zone-1,2025-01,1526.51,76.33,2025-01-31
User-7,Zone-1,2025-01,7579.97,379.0,2025-01-31
User-11,Zone-1,2025-02,7264.29,363.21,2025-03-03
User-3,Zone-1,2025-02,9384.78,469.24,2025-03-03
User-1,Zone-1,2025-03,9919.79,495.99,2025-03-31
User-6,Zone-1,2025-02,8376.25,418.81,2025-03-03
User-14,Zone-1,2025-01,8067.38,403.37,2025-01-31
User-1,Zone-1,2025-02,7171.91,358.6,2025-03-03
User-5,Zone-1,2025-02,8325.15,416.26,2025-03-03
User-13,Zone-1,2025-02,1728.3,86.42,2025-03-03
User-4,Zone-1,2025-01,6792.68,339.63,2025-01-31
User-7,Zone-1,2025-03,9795.61,489.78,2025-03-31
User-4,Zone-1,2025-03,1032.31,51.62,2025-03-31
User-8,Zone-1,2025-01,6933.99,346.7,2025-01-31
User-12,Zone-1,2025-01,8544.1,427.21,2025-01-31
User-9,Zone-1,2025-01,1614.62,80.73,2025-01-31
User-11,Zone-1,2025-02,3641.68,182.08,2025-03-03
User-10,Zone-1,2025-02,8159.03,407.95,2025-03-03
User-12,Zone-1,2025-02,7944.54,397.23,2025-03-03
User-8,Zone-1,2025-01,9751.87,487.59,2025-01-31
User-10,Zone-1,2025-02,3264.75,163.24,2025-03-03
User-2,Zone-1,2025-01,3656.81,182.84,2025-01-31
User-12,Zone-1,2025-03,9331.02,466.55,2025-03-31
User-5,Zone-1,2025-02,8456.19,422.81,2025-03-03
User-6,Zone-1,2025-03,2397.25,119.86,2025-03-31
User-11,Zone-1,2025-01,2330.89,116.54,2025-01-31
User-15,Zone-1,2025-01,2843.67,142.18,2025-01-31
User-2,Zone-1,2025-03,1381.21,69.06,2025-03-31
User-14,Zone-1,2025-02,5400.95,270.05,2025-03-03
User-8,Zone-1,2025-02,9173.57,458.68,2025-03-03
User-3,Zone-1,2025-03,9054.14,452.71,2025-03-31
User-9,Zone-1,2025-01,4108.28,205.41,2025-01-31
User-2,Zone-1,2025-03,3598.19,179.91,2025-03-31
User-6,Zone-1,2025-03,2076.7,103.83,2025-03-31
User-9,Zone-1,2025-02,9798.89,489.94,2025-03-03
User-13,Zone-1,2025-01,3319.29,165.96,2025-01-31
User-3,Zone-1,2025-02,2733.27,136.66,2025-03-03
User-11,Zone-1,2025-02,5239.98,262.0,2025-03-03
User-3,Zone-1,2025-02,6829.68,341.48,2025-03-03
User-9,Zone-1,2025-03,5088.79,254.44,2025-03-31
User-7,Zone-1,2025-03,6620.25,331.01,2025-03-31
User-2,Zone-1,2025-02,9572.12,478.61,2025-03-03
User-15,Zone-1,2025-03,2698.85,134.94,2025-03-31
User-7,Zone-1,2025-01,2358.0,117.9,2025-01-31
User-13,Zone-1,2025-01,4196.21,209.81,2025-01-31
User-11,Zone-1,2025-01,7037.01,351.85,2025-01-31
User-2,Zone-1,2025-03,7763.95,388.2,2025-03-31
User-9,Zone-1,2025-03,6023.45,301.17,2025-03-31
User-8,Zone-1,2025-03,4735.11,236.76,2025-03-31
User-2,Zone-1,2025-02,6678.96,333.95,2025-03-03
User-6,Zone-1,2025-01,6990.5,349.53,2025-01-31
User-12,Zone-1,2025-01,2582.89,129.14,2025-01-31
User-1,Zone-1,2025-03,1646.87,82.34,2025-03-31
User-3,Zone-1,2025-02,1097.02,54.85,2025-03-03
User-2,Zone-1,2025-01,6052.76,302.64,2025-01-31
User-14,Zone-1,2025-02,5707.63,285.38,2025-03-03
User-13,Zone-1,2025-02,7636.41,381.82,2025-03-03
User-10,Zone-1,2025-01,2225.6,111.28,2025-01-31
User-8,Zone-1,2025-01,5237.61,261.88,2025-01-31
User-10,Zone-1,2025-01,3187.43,159.37,2025-01-31
User-2,Zone-1,2025-02,6874.13,343.71,2025-03-03
User-9,Zone-1,2025-01,5889.51,294.48,2025-01-31
User-3,Zone-1,2025-01,6263.31,313.17,2025-01-31
User-4,Zone-1,2025-01,4450.86,222.54,2025-01-31
User-13,Zone-1,2025-03,1899.47,94.97,2025-03-31
User-2,Zone-1,2025-03,5941.21,297.06,2025-03-31
User-10,Zone-1,2025-02,2932.21,146.61,2025-03-03
User-13,Zone-1,2025-03,4580.85,229.04,2025-03-31
User-6,Zone-1,2025-01,6363.94,318.2,2025-01-31
User-7,Zone-1,2025-02,1109.05,55.45,2025-03-03
User-8,Zone-1,2025-01,9416.52,470.83,2025-01-31
User-5,Zone-1,2025-01,4840.83,242.04,2025-01-31
User-5,Zone-1,2025-03,3177.58,158.88,2025-03-31
User-15,Zone-1,2025-02,9600.23,480.01,2025-03-03
User-13,Zone-1,2025-03,4747.55,237.38,2025-03-31
User-1,Zone-1,2025-03,5438.42,271.92,2025-03-31
User-6,Zone-1,2025-02,9308.31,465.42,2025-03-03
User-5,Zone-1,2025-01,9865.51,493.28,2025-01-31
User-4,Zone-1,2025-01,9759.32,487.97,2025-01-31
User-4,Zone-1,2025-02,9406.85,470.34,2025-03-03
User-7,Zone-1,2025-01,6601.46,330.07,2025-01-31
User-5,Zone-1,2025-01,8194.17,409.71,2025-01-31
User-11,Zone-1,2025-02,5350.07,267.5,2025-03-03
User-6,Zone-1,2025-03,9427.47,471.37,2025-03-31
User-3,Zone-1,2025-02,5495.32,274.77,2025-03-03
User-15,Zone-1,2025-02,2693.54,134.68,2025-03-03
User-3,Zone-1,2025-02,1575.53,78.78,2025-03-03
User-4,Zone-1,2025-03,1802.46,90.12,2025-03-31
User-6,Zone-1,2025-03,8808.11,440.41,2025-03-31
User-2,Zone-1,2025-01,8233.3,411.66,2025-01-31
User-9,Zone-1,2025-03,1786.95,89.35,2025-03-31
User-9,Zone-1,2025-01,2306.16,115.31,2025-01-31
User-3,Zone-1,2025-01,6311.43,315.57,2025-01-31
User-7,Zone-1,2025-03,1919.42,95.97,2025-03-31
User-13,Zone-1,2025-01,9194.04,459.7,2025-01-31
User-6,Zone-1,2025-03,1706.86,85.34,2025-03-31
User-6,Zone-1,2025-03,6879.28,343.96,2025-03-31
User-11,Zone-1,2025-02,1963.62,98.18,2025-03-03
User-4,Zone-1,2025-03,3137.12,156.86,2025-03-31
User-10,Zone-1,2025-01,8205.59,410.28,2025-01-31
User-3,Zone-1,2025-03,2510.11,125.51,2025-03-31
User-14,Zone-1,2025-02,8406.21,420.31,2025-03-03
User-9,Zone-1,2025-02,8713.52,435.68,2025-03-03
User-8,Zone-1,2025-02,6394.55,319.73,2025-03-03
User-14,Zone-1,2025-03,9449.13,472.46,2025-03-31
User-9,Zone-1,2025-03,6247.44,312.37,2025-03-31
User-8,Zone-1,2025-03,2136.71,106.84,2025-03-31
User-1,Zone-1,2025-03,3947.29,197.36,2025-03-31
User-11,Zone-1,2025-02,1491.09,74.55,2025-03-03
User-15,Zone-1,2025-01,4676.51,233.83,2025-01-31
User-10,Zone-1,2025-02,7990.35,399.52,2025-03-03
User-15,Zone-1,2025-03,6857.95,342.9,2025-03-31
User-1,Zone-1,2025-02,2031.71,101.59,2025-03-03
User-5,Zone-1,2025-03,8252.07,412.6,2025-03-31
User-4,Zone-1,2025-01,8845.83,442.29,2025-01-31
User-11,Zone-1,2025-02,3536.87,176.84,2025-03-03
User-1,Zone-1,2025-01,7277.88,363.89,2025-01-31
User-5,Zone-1,2025-01,1530.03,76.5,2025-01-31
User-6,Zone-1,2025-03,3137.66,156.88,2025-03-31
User-2,Zone-1,2025-01,8883.69,444.18,2025-01-31
User-1,Zone-1,2025-01,8490.68,424.53,2025-01-31
User-5,Zone-1,2025-03,2568.99,128.45,2025-03-31
User-3,Zone-1,2025-02,5304.42,265.22,2025-03-03
User-8,Zone-1,2025-03,4672.86,233.64,2025-03-31
User-8,Zone-1,2025-02,2690.61,134.53,2025-03-03
User-10,Zone-1,2025-01,8625.89,431.29,2025-01-31
User-8,Zone-1,2025-03,4165.21,208.26,2025-03-31
User-13,Zone-1,2025-03,4496.84,224.84,2025-03-31
User-10,Zone-1,2025-01,6534.15,326.71,2025-01-31
User-8,Zone-1,2025-02,9270.49,463.52,2025-03-03
User-8,Zone-1,2025-02,3114.41,155.72,2025-03-03
User-5,Zone-1,2025-01,2484.47,124.22,2025-01-31
User-6,Zone-1,2025-01,6622.49,331.12,2025-01-31
User-14,Zone-1,2025-01,9650.7,482.54,2025-01-31
User-7,Zone-1,2025-03,2417.82,120.89,2025-03-31
User-1,Zone-1,2025-01,1669.96,83.5,2025-01-31
User-8,Zone-1,2025-02,1612.56,80.63,2025-03-03
User-5,Zone-1,2025-03,7890.51,394.53,2025-03-31
User-2,Zone-1,2025-01,1319.28,65.96,2025-01-31
User-13,Zone-1,2025-03,2858.36,142.92,2025-03-31
User-8,Zone-1,2025-03,9070.29,453.51,2025-03-31
User-10,Zone-1,2025-02,1550.06,77.5,2025-03-03
User-10,Zone-1,2025-02,6865.95,343.3,2025-03-03
User-12,Zone-1,2025-01,6550.08,327.5,2025-01-31
User-12,Zone-1,2025-03,6563.1,328.16,2025-03-31
User-8,Zone-1,2025-03,2084.59,104.23,2025-03-31
User-10,Zone-1,2025-02,7616.11,380.81,2025-03-03
User-4,Zone-1,2025-01,1490.09,74.5,2025-01-31
User-2,Zone-1,2025-03,5549.83,277.49,2025-03-31
User-7,Zone-1,2025-01,1070.37,53.52,2025-01-31
User-14,Zone-1,2025-01,6552.4,327.62,2025-01-31
User-5,Zone-1,2025-02,1667.22,83.36,2025-03-03
User-11,Zone-1,2025-03,1609.57,80.48,2025-03-31
User-1,Zone-1,2025-01,4752.71,237.64,2025-01-31
User-12,Zone-1,2025-02,7570.75,378.54,2025-03-03
User-15,Zone-1,2025-01,6638.27,331.91,2025-01-31
User-6,Zone-1,2025-03,2194.57,109.73,2025-03-31
User-13,Zone-1,2025-02,6123.79,306.19,2025-03-03
User-9,Zone-1,2025-01,4712.2,235.61,2025-01-31
User-5,Zone-1,2025-02,9400.19,470.01,2025-03-03
User-13,Zone-1,2025-02,5208.39,260.42,2025-03-03
User-7,Zone-1,2025-01,7542.85,377.14,2025-01-31
User-11,Zone-1,2025-01,3928.42,196.42,2025-01-31
User-5,Zone-1,2025-03,1319.19,65.96,2025-03-31
User-2,Zone-1,2025-02,4234.11,211.71,2025-03-03
User-14,Zone-1,2025-03,1995.39,99.77,2025-03-31
User-12,Zone-1,2025-02,9679.97,484.0,2025-03-03
User-11,Zone-1,2025-02,7745.24,387.26,2025-03-03
User-10,Zone-1,2025-03,3038.07,151.9,2025-03-31
User-12,Zone-1,2025-02,3374.55,168.73,2025-03-03
User-9,Zone-1,2025-02,8408.54,420.43,2025-03-03
User-3,Zone-1,2025-03,2640.41,132.02,2025-03-31
User-10,Zone-1,2025-02,3948.46,197.42,2025-03-03
User-5,Zone-1,2025-03,9141.93,457.1,2025-03-31
User-13,Zone-1,2025-01,4942.67,247.13,2025-01-31
User-9,Zone-1,2025-02,8645.69,432.28,2025-03-03
User-8,Zone-1,2025-01,5775.79,288.79,2025-01-31
User-14,Zone-1,2025-02,3004.19,150.21,2025-03-03
User-11,Zone-1,2025-03,4129.64,206.48,2025-03-31
User-13,Zone-1,2025-02,3488.98,174.45,2025-03-03
User-1,Zone-1,2025-03,3947.56,197.38,2025-03-31
User-4,Zone-1,2025-01,8933.13,446.66,2025-01-31
User-4,Zone-1,2025-01,5084.39,254.22,2025-01-31
User-1,Zone-1,2025-02,4120.22,206.01,2025-03-03
User-2,Zone-1,2025-03,7172.41,358.62,2025-03-31
User-9,Zone-1,2025-02,4545.48,227.27,2025-03-03
User-13,Zone-1,2025-03,2455.04,122.75,2025-03-31
User-10,Zone-1,2025-03,2671.88,133.59,2025-03-31
User-1,Zone-1,2025-03,4286.93,214.35,2025-03-31
User-2,Zone-1,2025-01,5698.91,284.95,2025-01-31
User-10,Zone-1,2025-03,2438.02,121.9,2025-03-31
User-2,Zone-1,2025-02,9969.68,498.48,2025-03-03
User-14,Zone-1,2025-01,2210.15,110.51,2025-01-31
User-15,Zone-1,2025-02,4930.81,246.54,2025-03-03
User-1,Zone-1,2025-01,2877.31,143.87,2025-01-31
User-13,Zone-1,2025-03,3218.32,160.92,2025-03-31
User-5,Zone-1,2025-01,8242.11,412.11,2025-01-31
User-2,Zone-1,2025-02,8727.48,436.37,2025-03-03
User-15,Zone-1,2025-03,9625.58,481.28,2025-03-31
User-12,Zone-1,2025-03,6418.89,320.94,2025-03-31
User-5,Zone-1,2025-02,6452.99,322.65,2025-03-03
User-8,Zone-1,2025-03,3479.93,174.0,2025-03-31
User-10,Zone-1,2025-03,2557.93,127.9,2025-03-31
User-11,Zone-1,2025-02,5096.27,254.81,2025-03-03
User-13,Zone-1,2025-02,1601.92,80.1,2025-03-03
User-8,Zone-1,2025-03,2899.34,144.97,2025-03-31
User-4,Zone-1,2025-01,2204.38,110.22,2025-01-31
User-1,Zone-1,2025-01,1482.83,74.14,2025-01-31
User-1,Zone-1,2025-02,3801.9,190.1,2025-03-03
User-12,Zone-1,2025-02,5359.09,267.95,2025-03-03
User-6,Zone-1,2025-03,3700.43,185.02,2025-03-31
User-7,Zone-1,2025-01,5604.67,280.23,2025-01-31
User-4,Zone-1,2025-01,4528.34,226.42,2025-01-31
User-2,Zone-1,2025-02,4421.74,221.09,2025-03-03
User-13,Zone-1,2025-03,8361.86,418.09,2025-03-31
User-10,Zone-1,2025-02,6344.12,317.21,2025-03-03
User-14,Zone-1,2025-01,1643.62,82.18,2025-01-31
User-2,Zone-1,2025-03,8553.42,427.67,2025-03-31
User-5,Zone-1,2025-01,2443.55,122.18,2025-01-31
User-14,Zone-1,2025-01,8938.2,446.91,2025-01-31
User-15,Zone-1,2025-03,1687.02,84.35,2025-03-31
User-13,Zone-1,2025-02,7882.0,394.1,2025-03-03
User-3,Zone-1,2025-02,1266.29,63.31,2025-03-03
User-1,Zone-1,2025-03,3541.03,177.05,2025-03-31
User-11,Zone-1,2025-01,3842.57,192.13,2025-01-31
User-12,Zone-1,2025-02,4462.35,223.12,2025-03-03
User-9,Zone-1,2025-01,4366.23,218.31,2025-01-31
User-11,Zone-1,2025-01,8422.31,421.12,2025-01-31
User-13,Zone-1,2025-01,4885.71,244.29,2025-01-31
User-11,Zone-1,2025-01,9859.64,492.98,2025-01-31
User-2,Zone-1,2025-02,6749.82,337.49,2025-03-03
User-7,Zone-1,2025-02,8985.21,449.26,2025-03-03
User-9,Zone-1,2025-02,9738.57,486.93,2025-03-03
User-10,Zone-1,2025-01,1410.72,70.54,2025-01-31
User-9,Zone-1,2025-01,9936.41,496.82,2025-01-31
User-8,Zone-1,2025-03,5272.21,263.61,2025-03-31
User-7,Zone-1,2025-01,2834.04,141.7,2025-01-31
User-8,Zone-1,2025-03,6403.76,320.19,2025-03-31
User-10,Zone-1,2025-01,6138.39,306.92,2025-01-31
User-2,Zone-1,2025-02,1919.79,95.99,2025-03-03
User-13,Zone-1,2025-03,2687.72,134.39,2025-03-31
User-9,Zone-1,2025-01,8765.31,438.27,2025-01-31
User-4,Zone-1,2025-01,8296.39,414.82,2025-01-31
User-3,Zone-1,2025-03,5580.55,279.03,2025-03-31
User-4,Zone-1,2025-03,4984.37,249.22,2025-03-31
User-5,Zone-1,2025-01,2287.72,114.39,2025-01-31
User-7,Zone-1,2025-02,2198.44,109.92,2025-03-03
User-14,Zone-1,2025-03,5377.13,268.86,2025-03-31
User-9,Zone-1,2025-01,4986.36,249.32,2025-01-31
User-7,Zone-1,2025-01,6981.01,349.05,2025-01-31
User-9,Zone-1,2025-03,7551.87,377.59,2025-03-31
User-6,Zone-1,2025-03,9845.47,492.27,2025-03-31
User-6,Zone-1,2025-02,9073.22,453.66,2025-03-03
User-8,Zone-1,2025-02,3879.4,193.97,2025-03-03
User-15,Zone-1,2025-03,2301.05,115.05,2025-03-31
User-1,Zone-1,2025-02,3261.78,163.09,2025-03-03
User-14,Zone-1,2025-03,3476.45,173.82,2025-03-31
User-7,Zone-1,2025-01,9216.64,460.83,2025-01-31
User-1,Zone-1,2025-03,7400.6,370.03,2025-03-31
User-3,Zone-1,2025-03,3163.47,158.17,2025-03-31
User-15,Zone-1,2025-03,5184.79,259.24,2025-03-31
User-12,Zone-1,2025-02,3772.09,188.6,2025-03-03
User-13,Zone-1,2025-01,6709.02,335.45,2025-01-31
User-6,Zone-1,2025-01,5499.86,274.99,2025-01-31
User-13,Zone-1,2025-01,3188.35,159.42,2025-01-31
User-3,Zone-1,2025-02,7120.89,356.04,2025-03-03
User-4,Zone-1,2025-02,1430.95,71.55,2025-03-03
User-14,Zone-1,2025-03,5998.59,299.93,2025-03-31
User-4,Zone-1,2025-01,2994.49,149.72,2025-01-31
User-3,Zone-1,2025-02,3033.22,151.66,2025-03-03
User-4,Zone-1,2025-01,2413.77,120.69,2025-01-31
User-13,Zone-1,2025-01,8775.77,438.79,2025-01-31
User-10,Zone-1,2025-01,6267.62,313.38,2025-01-31
User-1,Zone-1,2025-02,3232.73,161.64,2025-03-03
User-15,Zone-1,2025-02,1326.65,66.33,2025-03-03
User-10,Zone-1,2025-03,3067.92,153.4,2025-03-31
User-11,Zone-1,2025-02,4081.97,204.1,2025-03-03
User-7,Zone-1,2025-02,2352.87,117.64,2025-03-03
User-11,Zone-1,2025-01,4315.94,215.8,2025-01-31
User-8,Zone-1,2025-03,6118.42,305.92,2025-03-31
User-13,Zone-1,2025-01,5387.67,269.38,2025-01-31
User-6,Zone-1,2025-02,7822.79,391.14,2025-03-03
User-1,Zone-1,2025-01,4316.38,215.82,2025-01-31
User-3,Zone-1,2025-01,2774.14,138.71,2025-01-31
User-7,Zone-1,2025-03,6064.02,303.2,2025-03-31
User-4,Zone-1,2025-01,4157.08,207.85,2025-01-31
User-5,Zone-1,2025-03,9973.82,498.69,2025-03-31
User-4,Zone-1,2025-01,9666.41,483.32,2025-01-31
User-11,Zone-1,2025-01,3287.7,164.38,2025-01-31
User-3,Zone-1,2025-02,5548.6,277.43,2025-03-03
User-12,Zone-1,2025-01,4148.16,207.41,2025-01-31
User-6,Zone-1,2025-01,1422.09,71.1,2025-01-31
User-8,Zone-1,2025-03,9653.33,482.67,2025-03-31
User-12,Zone-1,2025-02,7845.59,392.28,2025-03-03
User-11,Zone-1,2025-02,6411.01,320.55,2025-03-03
User-15,Zone-1,2025-02,1650.17,82.51,2025-03-03
User-9,Zone-1,2025-03,8410.16,420.51,2025-03-31
User-12,Zone-1,2025-03,6932.18,346.61,2025-03-31
User-3,Zone-1,2025-03,7889.42,394.47,2025-03-31
User-12,Zone-1,2025-01,3615.53,180.78,2025-01-31
User-8,Zone-1,2025-02,1089.5,54.48,2025-03-03
User-7,Zone-1,2025-02,3444.56,172.23,2025-03-03
User-11,Zone-1,2025-02,8173.47,408.67,2025-03-03
User-3,Zone-1,2025-01,2257.82,112.89,2025-01-31
User-11,Zone-1,2025-02,8723.73,436.19,2025-03-03
User-15,Zone-1,2025-01,7582.28,379.11,2025-01-31
User-3,Zone-1,2025-01,4964.58,248.23,2025-01-31
User-15,Zone-1,2025-02,4915.17,245.76,2025-03-03
User-5,Zone-1,2025-01,9363.95,468.2,2025-01-31
User-3,Zone-1,2025-02,8033.63,401.68,2025-03-03
User-5,Zone-1,2025-01,6153.93,307.7,2025-01-31
User-2,Zone-1,2025-01,9433.91,471.7,2025-01-31
User-7,Zone-1,2025-02,5569.64,278.48,2025-03-03
User-10,Zone-1,2025-01,3441.51,172.08,2025-01-31
User-9,Zone-1,2025-02,6874.17,343.71,2025-03-03
User-6,Zone-1,2025-02,7283.58,364.18,2025-03-03
User-5,Zone-1,2025-01,3208.41,160.42,2025-01-31
User-12,Zone-1,2025-02,4253.9,212.69,2025-03-03
User-12,Zone-1,2025-01,8450.01,422.5,2025-01-31
User-13,Zone-1,2025-03,2598.46,129.92,2025-03-31
User-12,Zone-1,2025-02,3767.48,188.37,2025-03-03
User-11,Zone-1,2025-02,6979.5,348.98,2025-03-03
User-1,Zone-1,2025-01,3221.64,161.08,2025-01-31
User-9,Zone-1,2025-02,6753.31,337.67,2025-03-03
User-11,Zone-1,2025-02,3139.54,156.98,2025-03-03
User-13,Zone-1,2025-03,3682.14,184.11,2025-03-31
User-2,Zone-1,2025-02,8551.68,427.58,2025-03-03
User-13,Zone-1,2025-02,2991.17,149.56,2025-03-03
User-4,Zone-1,2025-02,5657.77,282.89,2025-03-03
User-11,Zone-1,2025-03,8026.0,401.3,2025-03-31
User-2,Zone-1,2025-03,2070.82,103.54,2025-03-31
User-6,Zone-1,2025-03,4047.01,202.35,2025-03-31
User-3,Zone-1,2025-03,3089.48,154.47,2025-03-31
User-5,Zone-1,2025-02,4598.26,229.91,2025-03-03
User-7,Zone-1,2025-01,3638.14,181.91,2025-01-31
User-14,Zone-1,2025-01,1961.05,98.05,2025-01-31
User-13,Zone-1,2025-03,2214.48,110.72,2025-03-31
User-4,Zone-1,2025-02,5586.01,279.3,2025-03-03
User-5,Zone-1,2025-03,9079.84,453.99,2025-03-31
User-13,Zone-1,2025-02,8502.73,425.14,2025-03-03
User-5,Zone-1,2025-01,1041.28,52.06,2025-01-31
User-6,Zone-1,2025-02,9301.99,465.1,2025-03-03
User-4,Zone-1,2025-03,9853.17,492.66,2025-03-31
User-4,Zone-1,2025-01,1921.62,96.08,2025-01-31
User-7,Zone-1,2025-02,3413.85,170.69,2025-03-03
User-15,Zone-1,2025-02,6396.32,319.82,2025-03-03
User-13,Zone-1,2025-03,7288.73,364.44,2025-03-31
User-9,Zone-1,2025-02,3525.77,176.29,2025-03-03
User-13,Zone-1,2025-02,4225.37,211.27,2025-03-03
User-7,Zone-1,2025-03,8081.1,404.06,2025-03-31
User-3,Zone-1,2025-02,3573.48,178.67,2025-03-03
User-1,Zone-1,2025-03,9181.96,459.1,2025-03-31
User-12,Zone-1,2025-01,8174.9,408.75,2025-01-31
User-15,Zone-1,2025-03,1630.54,81.53,2025-03-31
User-10,Zone-1,2025-01,5023.52,251.18,2025-01-31
User-6,Zone-1,2025-03,8421.61,421.08,2025-03-31
User-15,Zone-1,2025-03,2651.75,132.59,2025-03-31
User-1,Zone-1,2025-02,8758.28,437.91,2025-03-03
User-15,Zone-1,2025-03,2327.45,116.37,2025-03-31
User-10,Zone-1,2025-03,3892.29,194.61,2025-03-31
User-9,Zone-1,2025-02,7666.41,383.32,2025-03-03
User-5,Zone-1,2025-01,3322.2,166.11,2025-01-31
User-3,Zone-1,2025-03,2111.41,105.57,2025-03-31
User-6,Zone-1,2025-02,2766.35,138.32,2025-03-03
User-4,Zone-1,2025-02,1324.3,66.22,2025-03-03
User-1,Zone-1,2025-03,8835.98,441.8,2025-03-31
User-1,Zone-1,2025-03,9485.86,474.29,2025-03-31
User-13,Zone-1,2025-01,6767.38,338.37,2025-01-31
User-6,Zone-1,2025-03,5118.28,255.91,2025-03-31
User-11,Zone-1,2025-01,2742.24,137.11,2025-01-31
User-15,Zone-1,2025-02,2847.12,142.36,2025-03-03
User-15,Zone-1,2025-01,9341.94,467.1,2025-01-31
User-8,Zone-1,2025-02,8393.2,419.66,2025-03-03
User-5,Zone-1,2025-03,5584.41,279.22,2025-03-31
User-3,Zone-1,2025-03,3946.17,197.31,2025-03-31
User-12,Zone-1,2025-01,8554.95,427.75,2025-01-31
User-15,Zone-1,2025-02,6346.78,317.34,2025-03-03
User-8,Zone-1,2025-03,1006.42,50.32,2025-03-31
User-1,Zone-1,2025-03,4771.84,238.59,2025-03-31
User-10,Zone-1,2025-01,5711.8,285.59,2025-01-31
User-2,Zone-1,2025-03,3684.85,184.24,2025-03-31
User-10,Zone-1,2025-01,5494.23,274.71,2025-01-31
User-7,Zone-1,2025-01,8325.76,416.29,2025-01-31
User-1,Zone-1,2025-02,4054.57,202.73,2025-03-03
User-1,Zone-1,2025-01,3771.13,188.56,2025-01-31
User-9,Zone-1,2025-01,6972.12,348.61,2025-01-31
User-3,Zone-1,2025-02,3989.92,199.5,2025-03-03
User-1,Zone-1,2025-01,8312.36,415.62,2025-01-31
User-3,Zone-1,2025-03,5843.88,292.19,2025-03-31
User-6,Zone-1,2025-03,5308.09,265.4,2025-03-31
User-14,Zone-1,2025-02,5411.86,270.59,2025-03-03
User-12,Zone-1,2025-03,4681.63,234.08,2025-03-31
User-11,Zone-1,2025-03,2291.51,114.58,2025-03-31
User-5,Zone-1,2025-02,1270.14,63.51,2025-03-03
User-11,Zone-1,2025-02,7673.69,383.68,2025-03-03
User-8,Zone-1,2025-03,4006.73,200.34,2025-03-31
User-13,Zone-1,2025-03,8966.82,448.34,2025-03-31
User-3,Zone-1,2025-02,6926.34,346.32,2025-03-03
User-12,Zone-1,2025-01,8013.67,400.68,2025-01-31
User-15,Zone-1,2025-02,3825.97,191.3,2025-03-03
User-10,Zone-1,2025-02,9211.72,460.59,2025-03-03
User-1,Zone-1,2025-03,5504.63,275.23,2025-03-31
User-9,Zone-1,2025-01,7061.73,353.09,2025-01-31
User-15,Zone-1,2025-02,7895.0,394.75,2025-03-03
User-5,Zone-1,2025-02,1692.49,84.62,2025-03-03
User-5,Zone-1,2025-03,1211.04,60.55,2025-03-31
User-2,Zone-1,2025-01,4858.23,242.91,2025-01-31
User-4,Zone-1,2025-03,6907.27,345.36,2025-03-31
User-2,Zone-1,2025-03,2285.14,114.26,2025-03-31
User-5,Zone-1,2025-02,4415.65,220.78,2025-03-03
User-8,Zone-1,2025-02,2477.0,123.85,2025-03-03
User-4,Zone-1,2025-02,4244.68,212.23,2025-03-03
User-8,Zone-1,2025-03,2848.98,142.45,2025-03-31
User-12,Zone-1,2025-02,1169.96,58.5,2025-03-03
User-10,Zone-1,2025-01,6197.66,309.88,2025-01-31
User-14,Zone-1,2025-03,5699.44,284.97,2025-03-31
User-4,Zone-1,2025-03,1811.28,90.56,2025-03-31
User-2,Zone-1,2025-03,7499.11,374.96,2025-03-31
User-15,Zone-1,2025-03,9394.03,469.7,2025-03-31
User-1,Zone-1,2025-03,8491.77,424.59,2025-03-31
User-6,Zone-1,2025-02,6940.43,347.02,2025-03-03
User-8,Zone-1,2025-03,5901.99,295.1,2025-03-31
User-10,Zone-1,2025-02,1257.41,62.87,2025-03-03
User-4,Zone-1,2025-03,2955.58,147.78,2025-03-31
User-12,Zone-1,2025-02,5350.59,267.53,2025-03-03
User-6,Zone-1,2025-02,5288.82,264.44,2025-03-03
User-15,Zone-1,2025-01,5407.63,270.38,2025-01-31
User-1,Zone-1,2025-03,5972.93,298.65,2025-03-31
User-10,Zone-1,2025-02,5641.94,282.1,2025-03-03
User-7,Zone-1,2025-01,5199.5,259.98,2025-01-31
User-12,Zone-1,2025-01,6179.69,308.98,2025-01-31
User-3,Zone-1,2025-01,5240.7,262.04,2025-01-31
User-5,Zone-1,2025-02,9399.77,469.99,2025-03-03
User-3,Zone-1,2025-02,3675.37,183.77,2025-03-03
User-4,Zone-1,2025-01,6038.79,301.94,2025-01-31
User-3,Zone-1,2025-01,1896.21,94.81,2025-01-31
User-15,Zone-1,2025-02,7439.23,371.96,2025-03-03
User-5,Zone-1,2025-03,7610.15,380.51,2025-03-31
User-4,Zone-1,2025-02,7762.99,388.15,2025-03-03
User-13,Zone-1,2025-03,5444.78,272.24,2025-03-31
User-4,Zone-1,2025-02,2861.11,143.06,2025-03-03
User-15,Zone-1,2025-02,3416.82,170.84,2025-03-03
User-5,Zone-1,2025-03,4473.58,223.68,2025-03-31
User-7,Zone-1,2025-02,8071.73,403.59,2025-03-03
User-13,Zone-1,2025-02,3654.65,182.73,2025-03-03
User-4,Zone-1,2025-01,4358.94,217.95,2025-01-31
User-11,Zone-1,2025-01,5219.1,260.96,2025-01-31
User-9,Zone-1,2025-02,8790.11,439.51,2025-03-03
User-13,Zone-1,2025-02,3827.13,191.36,2025-03-03
User-14,Zone-1,2025-01,9682.25,484.11,2025-01-31
User-5,Zone-1,2025-02,6231.88,311.59,2025-03-03
User-3,Zone-1,2025-02,1567.13,78.36,2025-03-03
User-10,Zone-1,2025-01,4799.46,239.97,2025-01-31
User-11,Zone-1,2025-02,1907.01,95.35,2025-03-03
User-8,Zone-1,2025-01,6441.08,322.05,2025-01-31
User-15,Zone-1,2025-03,2443.8,122.19,2025-03-31
User-9,Zone-1,2025-01,3818.89,190.94,2025-01-31
User-7,Zone-1,2025-02,3527.6,176.38,2025-03-03
User-7,Zone-1,2025-03,6198.36,309.92,2025-03-31
User-11,Zone-1,2025-02,9972.8,498.64,2025-03-03
User-6,Zone-1,2025-03,8584.63,429.23,2025-03-31
User-6,Zone-1,2025-01,4491.0,224.55,2025-01-31
User-10,Zone-1,2025-03,6730.89,336.54,2025-03-31
User-8,Zone-1,2025-02,5653.47,282.67,2025-03-03
User-10,Zone-1,2025-03,3156.37,157.82,2025-03-31
User-8,Zone-1,2025-02,3233.62,161.68,2025-03-03
User-3,Zone-1,2025-03,2213.43,110.67,2025-03-31
User-5,Zone-1,2025-01,3437.59,171.88,2025-01-31
User-10,Zone-1,2025-03,1449.52,72.48,2025-03-31
User-14,Zone-1,2025-01,1526.33,76.32,2025-01-31
User-10,Zone-1,2025-02,4732.32,236.62,2025-03-03
User-10,Zone-1,2025-02,7986.22,399.31,2025-03-03
User-9,Zone-1,2025-02,9631.09,481.55,2025-03-03
User-7,Zone-1,2025-03,7562.32,378.12,2025-03-31
User-5,Zone-1,2025-03,4024.09,201.2,2025-03-31
User-8,Zone-1,2025-01,6844.34,342.22,2025-01-31
User-8,Zone-1,2025-03,7690.7,384.54,2025-03-31
User-1,Zone-1,2025-03,4173.25,208.66,2025-03-31
User-14,Zone-1,2025-01,9876.02,493.8,2025-01-31
User-15,Zone-1,2025-02,7796.55,389.83,2025-03-03
User-14,Zone-1,2025-03,6751.0,337.55,2025-03-31
User-12,Zone-1,2025-02,9463.88,473.19,2025-03-03
User-3,Zone-1,2025-02,3310.39,165.52,2025-03-03
User-14,Zone-1,2025-02,9715.32,485.77,2025-03-03
User-1,Zone-1,2025-03,2855.83,142.79,2025-03-31
User-13,Zone-1,2025-02,5585.32,279.27,2025-03-03
User-7,Zone-1,2025-01,4334.32,216.72,2025-01-31
User-4,Zone-1,2025-02,9676.83,483.84,2025-03-03
User-4,Zone-1,2025-03,9825.03,491.25,2025-03-31
User-4,Zone-1,2025-03,1980.12,99.01,2025-03-31
User-15,Zone-1,2025-03,9118.78,455.94,2025-03-31
User-1,Zone-1,2025-01,1575.85,78.79,2025-01-31
User-6,Zone-1,2025-02,7331.13,366.56,2025-03-03
User-4,Zone-1,2025-02,6694.95,334.75,2025-03-03
User-8,Zone-1,2025-03,8315.01,415.75,2025-03-31
User-4,Zone-1,2025-01,1469.33,73.47,2025-01-31
User-15,Zone-1,2025-03,3573.98,178.7,2025-03-31
User-4,Zone-1,2025-02,8078.67,403.93,2025-03-03
User-6,Zone-1,2025-02,4997.02,249.85,2025-03-03
User-6,Zone-1,2025-02,1386.32,69.32,2025-03-03
User-11,Zone-1,2025-02,4183.24,209.16,2025-03-03
User-14,Zone-1,2025-02,6021.25,301.06,2025-03-03
User-14,Zone-1,2025-01,4969.24,248.46,2025-01-31
User-10,Zone-1,2025-03,9814.51,490.73,2025-03-31
User-3,Zone-1,2025-01,3984.62,199.23,2025-01-31
User-15,Zone-1,2025-01,5724.04,286.2,2025-01-31
User-7,Zone-1,2025-03,5700.37,285.02,2025-03-31
User-11,Zone-1,2025-01,7051.05,352.55,2025-01-31
User-8,Zone-1,2025-01,1088.07,54.4,2025-01-31
User-15,Zone-1,2025-01,9205.1,460.26,2025-01-31
User-9,Zone-1,2025-02,2661.9,133.09,2025-03-03
User-11,Zone-1,2025-02,3474.06,173.7,2025-03-03
User-15,Zone-1,2025-02,3160.65,158.03,2025-03-03
User-11,Zone-1,2025-01,7707.41,385.37,2025-01-31
User-6,Zone-1,2025-03,1433.09,71.65,2025-03-31
User-14,Zone-1,2025-01,8826.95,441.35,2025-01-31
User-1,Zone-1,2025-02,9740.12,487.01,2025-03-03
User-11,Zone-1,2025-02,3505.63,175.28,2025-03-03
User-5,Zone-1,2025-01,2359.28,117.96,2025-01-31
User-4,Zone-1,2025-02,3413.51,170.68,2025-03-03
User-3,Zone-1,2025-01,4500.12,225.01,2025-01-31
User-1,Zone-1,2025-03,9802.36,490.12,2025-03-31
User-5,Zone-1,2025-03,2641.12,132.06,2025-03-31
User-10,Zone-1,2025-01,7096.69,354.83,2025-01-31
User-2,Zone-1,2025-02,9597.95,479.9,2025-03-03
User-6,Zone-1,2025-01,1653.82,82.69,2025-01-31
User-15,Zone-1,2025-01,6101.72,305.09,2025-01-31
User-11,Zone-1,2025-02,3773.24,188.66,2025-03-03
User-12,Zone-1,2025-01,7675.8,383.79,2025-01-31
User-12,Zone-1,2025-03,3304.72,165.24,2025-03-31
User-10,Zone-1,2025-03,6650.12,332.51,2025-03-31
User-2,Zone-1,2025-02,9257.48,462.87,2025-03-03
User-2,Zone-1,2025-01,2975.04,148.75,2025-01-31
User-4,Zone-1,2025-01,8457.72,422.89,2025-01-31
User-13,Zone-1,2025-03,6131.38,306.57,2025-03-31
User-5,Zone-1,2025-01,1054.73,52.74,2025-01-31
User-5,Zone-1,2025-02,1905.2,95.26,2025-03-03
User-12,Zone-1,2025-03,1449.05,72.45,2025-03-31
User-3,Zone-1,2025-03,7344.78,367.24,2025-03-31
User-7,Zone-1,2025-01,5862.88,293.14,2025-01-31
User-8,Zone-1,2025-02,2689.92,134.5,2025-03-03
User-12,Zone-1,2025-02,8055.87,402.79,2025-03-03
User-11,Zone-1,2025-01,7967.88,398.39,2025-01-31
User-7,Zone-1,2025-03,2565.42,128.27,2025-03-31
User-5,Zone-1,2025-02,4440.41,222.02,2025-03-03
User-4,Zone-1,2025-01,4308.08,215.4,2025-01-31
User-14,Zone-1,2025-03,4518.31,225.92,2025-03-31
User-4,Zone-1,2025-03,9926.41,496.32,2025-03-31
User-1,Zone-1,2025-01,1289.56,64.48,2025-01-31
User-4,Zone-1,2025-02,4429.05,221.45,2025-03-03
User-3,Zone-1,2025-01,5773.05,288.65,2025-01-31
User-10,Zone-1,2025-01,8662.2,433.11,2025-01-31
User-15,Zone-1,2025-01,9881.18,494.06,2025-01-31
User-12,Zone-1,2025-01,6855.31,342.77,2025-01-31
User-11,Zone-1,2025-01,7678.85,383.94,2025-01-31
User-8,Zone-1,2025-01,3036.34,151.82,2025-01-31
User-13,Zone-1,2025-02,2320.6,116.03,2025-03-03
User-5,Zone-1,2025-02,9377.79,468.89,2025-03-03
User-11,Zone-1,2025-01,5988.77,299.44,2025-01-31
User-12,Zone-1,2025-01,9207.3,460.37,2025-01-31
User-10,Zone-1,2025-02,8293.09,414.65,2025-03-03
User-13,Zone-1,2025-02,7014.58,350.73,2025-03-03
User-13,Zone-1,2025-03,6237.44,311.87,2025-03-31
User-4,Zone-1,2025-03,8796.66,439.83,2025-03-31
User-3,Zone-1,2025-02,7991.52,399.58,2025-03-03
User-2,Zone-1,2025-01,8722.38,436.12,2025-01-31
User-3,Zone-1,2025-01,7589.8,379.49,2025-01-31
User-7,Zone-1,2025-03,9598.09,479.9,2025-03-31
User-11,Zone-1,2025-03,5442.17,272.11,2025-03-31
User-1,Zone-1,2025-02,5710.95,285.55,2025-03-03
User-6,Zone-1,2025-01,7305.35,365.27,2025-01-31
User-1,Zone-1,2025-02,5811.71,290.59,2025-03-03
User-9,Zone-1,2025-03,2009.34,100.47,2025-03-31
User-11,Zone-1,2025-03,5929.25,296.46,2025-03-31
User-2,Zone-1,2025-03,4593.47,229.67,2025-03-31
User-14,Zone-1,2025-03,9636.2,481.81,2025-03-31
User-13,Zone-1,2025-02,2089.83,104.49,2025-03-03
User-12,Zone-1,2025-01,5111.63,255.58,2025-01-31
User-5,Zone-1,2025-01,7349.79,367.49,2025-01-31
User-1,Zone-1,2025-02,1254.38,62.72,2025-03-03
User-1,Zone-1,2025-01,8174.46,408.72,2025-01-31
User-13,Zone-1,2025-01,5161.09,258.05,2025-01-31
User-3,Zone-1,2025-03,8124.3,406.22,2025-03-31
User-4,Zone-1,2025-02,6357.99,317.9,2025-03-03
User-13,Zone-1,2025-03,6319.99,316.0,2025-03-31
User-11,Zone-1,2025-02,4534.41,226.72,2025-03-03
User-3,Zone-1,2025-01,7669.88,383.49,2025-01-31
User-10,Zone-1,2025-03,3259.08,162.95,2025-03-31
User-4,Zone-1,2025-01,7450.01,372.5,2025-01-31
User-12,Zone-1,2025-01,6215.16,310.76,2025-01-31
User-5,Zone-1,2025-01,6972.58,348.63,2025-01-31
User-4,Zone-1,2025-01,4399.97,220.0,2025-01-31
User-6,Zone-1,2025-01,3160.35,158.02,2025-01-31
User-2,Zone-1,2025-02,1159.52,57.98,2025-03-03
User-12,Zone-1,2025-01,2070.31,103.52,2025-01-31
User-15,Zone-1,2025-03,6535.4,326.77,2025-03-31
User-8,Zone-1,2025-03,5824.44,291.22,2025-03-31
User-7,Zone-1,2025-03,7362.68,368.13,2025-03-31
User-7,Zone-1,2025-02,6171.1,308.56,2025-03-03
User-2,Zone-1,2025-02,1866.43,93.32,2025-03-03
User-13,Zone-1,2025-01,2275.34,113.77,2025-01-31
User-11,Zone-1,2025-01,3739.11,186.96,2025-01-31
User-11,Zone-1,2025-03,8969.92,448.5,2025-03-31
User-4,Zone-1,2025-01,5991.89,299.59,2025-01-31
User-11,Zone-1,2025-03,2680.53,134.03,2025-03-31
User-14,Zone-1,2025-01,9917.76,495.89,2025-01-31
User-10,Zone-1,2025-02,2749.15,137.46,2025-03-03
User-11,Zone-1,2025-02,4783.07,239.15,2025-03-03
User-1,Zone-1,2025-02,5815.0,290.75,2025-03-03
User-2,Zone-1,2025-02,5452.74,272.64,2025-03-03
User-14,Zone-1,2025-03,1966.75,98.34,2025-03-31
User-5,Zone-1,2025-02,6929.83,346.49,2025-03-03
User-10,Zone-1,2025-01,1521.1,76.05,2025-01-31
User-7,Zone-1,2025-02,1427.35,71.37,2025-03-03
User-5,Zone-1,2025-03,5745.07,287.25,2025-03-31
User-1,Zone-1,2025-03,1772.89,88.64,2025-03-31
User-4,Zone-1,2025-02,6598.47,329.92,2025-03-03
User-15,Zone-1,2025-01,4468.64,223.43,2025-01-31
User-13,Zone-1,2025-02,5782.81,289.14,2025-03-03
User-13,Zone-1,2025-03,7547.14,377.36,2025-03-31
User-3,Zone-1,2025-01,7675.08,383.75,2025-01-31
User-12,Zone-1,2025-01,2765.76,138.29,2025-01-31
User-8,Zone-1,2025-01,8040.67,402.03,2025-01-31
User-7,Zone-1,2025-02,6136.2,306.81,2025-03-03
User-13,Zone-1,2025-03,4205.65,210.28,2025-03-31
User-12,Zone-1,2025-01,8251.06,412.55,2025-01-31
User-11,Zone-1,2025-01,1794.26,89.71,2025-01-31
User-4,Zone-1,2025-02,8235.3,411.76,2025-03-03
User-10,Zone-1,2025-03,8937.52,446.88,2025-03-31
User-5,Zone-1,2025-03,7179.21,358.96,2025-03-31
User-8,Zone-1,2025-03,5964.68,298.23,2025-03-31
User-6,Zone-1,2025-02,9080.36,454.02,2025-03-03
User-14,Zone-1,2025-02,5893.51,294.68,2025-03-03
User-11,Zone-1,2025-01,4633.29,231.66,2025-01-31
User-13,Zone-1,2025-03,4956.82,247.84,2025-03-31
User-8,Zone-1,2025-03,4524.49,226.22,2025-03-31
User-6,Zone-1,2025-02,7606.85,380.34,2025-03-03
User-7,Zone-1,2025-01,4531.93,226.6,2025-01-31
User-1,Zone-1,2025-03,6489.8,324.49,2025-03-31
User-5,Zone-1,2025-02,1140.29,57.01,2025-03-03
User-2,Zone-1,2025-01,4962.81,248.14,2025-01-31
User-10,Zone-1,2025-03,3128.01,156.4,2025-03-31
User-13,Zone-1,2025-02,6886.48,344.32,2025-03-03
User-5,Zone-1,2025-03,9389.97,469.5,2025-03-31
User-13,Zone-1,2025-01,6713.52,335.68,2025-01-31
User-4,Zone-1,2025-01,8880.95,444.05,2025-01-31
User-11,Zone-1,2025-01,2281.02,114.05,2025-01-31
User-7,Zone-1,2025-02,8103.72,405.19,2025-03-03
User-7,Zone-1,2025-03,5070.03,253.5,2025-03-31
User-9,Zone-1,2025-01,3679.83,183.99,2025-01-31
User-8,Zone-1,2025-01,2542.19,127.11,2025-01-31
User-15,Zone-1,2025-02,4684.91,234.25,2025-03-03
User-13,Zone-1,2025-02,3199.1,159.96,2025-03-03
User-4,Zone-1,2025-02,1241.13,62.06,2025-03-03
User-3,Zone-1,2025-03,7879.26,393.96,2025-03-31
User-3,Zone-1,2025-02,9250.91,462.55,2025-03-03
User-3,Zone-1,2025-02,8495.34,424.77,2025-03-03
User-7,Zone-1,2025-01,6656.33,332.82,2025-01-31
User-5,Zone-1,2025-02,2894.9,144.75,2025-03-03
User-15,Zone-1,2025-03,5350.37,267.52,2025-03-31
User-5,Zone-1,2025-02,1178.94,58.95,2025-03-03
User-6,Zone-1,2025-03,1182.58,59.13,2025-03-31
User-3,Zone-1,2025-03,1035.13,51.76,2025-03-31
User-10,Zone-1,2025-01,7403.35,370.17,2025-01-31
User-4,Zone-1,2025-03,8716.79,435.84,2025-03-31
User-12,Zone-1,2025-01,3649.84,182.49,2025-01-31
User-14,Zone-1,2025-01,6186.3,309.32,2025-01-31
User-5,Zone-1,2025-03,1595.59,79.78,2025-03-31
User-1,Zone-1,2025-02,9888.43,494.42,2025-03-03
User-6,Zone-1,2025-03,4355.73,217.79,2025-03-31
User-10,Zone-1,2025-03,4019.04,200.95,2025-03-31
User-4,Zone-1,2025-01,9552.61,477.63,2025-01-31
User-10,Zone-1,2025-03,7611.89,380.59,2025-03-31
User-12,Zone-1,2025-03,4866.75,243.34,2025-03-31
User-14,Zone-1,2025-02,6646.23,332.31,2025-03-03
User-6,Zone-1,2025-02,4046.45,202.32,2025-03-03
User-4,Zone-1,2025-01,6856.5,342.83,2025-01-31
User-1,Zone-1,2025-01,1335.53,66.78,2025-01-31
User-12,Zone-1,2025-02,2174.65,108.73,2025-03-03
User-8,Zone-1,2025-02,6905.05,345.25,2025-03-03
User-13,Zone-1,2025-02,7717.62,385.88,2025-03-03
User-8,Zone-1,2025-02,2231.14,111.56,2025-03-03
User-2,Zone-1,2025-02,6424.54,321.23,2025-03-03
User-11,Zone-1,2025-02,8026.02,401.3,2025-03-03
User-14,Zone-1,2025-01,9200.14,460.01,2025-01-31
User-13,Zone-1,2025-02,4855.12,242.76,2025-03-03
User-8,Zone-1,2025-02,2654.06,132.7,2025-03-03
User-10,Zone-1,2025-03,8822.33,441.12,2025-03-31
User-3,Zone-1,2025-01,3361.59,168.08,2025-01-31
User-13,Zone-1,2025-01,5417.33,270.87,2025-01-31
User-6,Zone-1,2025-01,4724.47,236.22,2025-01-31
User-15,Zone-1,2025-01,2479.75,123.99,2025-01-31
User-1,Zone-1,2025-02,1020.52,51.03,2025-03-03
User-1,Zone-1,2025-03,7486.92,374.35,2025-03-31
User-9,Zone-1,2025-02,2942.54,147.13,2025-03-03
User-8,Zone-1,2025-02,9491.51,474.58,2025-03-03
User-9,Zone-1,2025-01,6933.9,346.69,2025-01-31
User-11,Zone-1,2025-01,8685.48,434.27,2025-01-31
User-15,Zone-1,2025-01,8388.07,419.4,2025-01-31
User-13,Zone-1,2025-02,6459.38,322.97,2025-03-03
User-3,Zone-1,2025-01,6031.43,301.57,2025-01-31
User-5,Zone-1,2025-03,6925.92,346.3,2025-03-31
User-11,Zone-1,2025-01,7515.07,375.75,2025-01-31
User-3,Zone-1,2025-03,6593.01,329.65,2025-03-31
User-9,Zone-1,2025-03,9643.7,482.19,2025-03-31
User-8,Zone-1,2025-02,8639.88,431.99,2025-03-03
User-9,Zone-1,2025-02,9977.01,498.85,2025-03-03
User-4,Zone-1,2025-01,5946.22,297.31,2025-01-31
User-6,Zone-1,2025-02,3367.12,168.36,2025-03-03
User-10,Zone-1,2025-01,5853.04,292.65,2025-01-31
User-11,Zone-1,2025-02,2930.16,146.51,2025-03-03
User-11,Zone-1,2025-02,9809.76,490.49,2025-03-03
User-7,Zone-1,2025-03,7480.44,374.02,2025-03-31
User-13,Zone-1,2025-02,2152.78,107.64,2025-03-03
User-13,Zone-1,2025-03,7348.2,367.41,2025-03-31
User-13,Zone-1,2025-03,7047.84,352.39,2025-03-31
User-7,Zone-1,2025-01,1554.65,77.73,2025-01-31
User-13,Zone-1,2025-02,2133.49,106.67,2025-03-03
User-7,Zone-1,2025-03,5867.92,293.4,2025-03-31
User-3,Zone-1,2025-02,4351.32,217.57,2025-03-03
User-2,Zone-1,2025-01,7694.47,384.72,2025-01-31
User-11,Zone-1,2025-02,1687.36,84.37,2025-03-03
User-15,Zone-1,2025-02,5828.02,291.4,2025-03-03
User-13,Zone-1,2025-01,5093.59,254.68,2025-01-31
User-3,Zone-1,2025-03,8354.09,417.7,2025-03-31
User-14,Zone-1,2025-01,7614.73,380.74,2025-01-31
User-7,Zone-1,2025-03,5480.31,274.02,2025-03-31
User-11,Zone-1,2025-02,7888.28,394.41,2025-03-03
User-10,Zone-1,2025-03,9938.04,496.9,2025-03-31
User-3,Zone-1,2025-03,9948.73,497.44,2025-03-31
User-15,Zone-1,2025-01,3737.38,186.87,2025-01-31
User-13,Zone-1,2025-01,4342.39,217.12,2025-01-31
User-14,Zone-1,2025-02,1221.54,61.08,2025-03-03
User-8,Zone-1,2025-02,6463.71,323.19,2025-03-03
User-15,Zone-1,2025-01,2614.41,130.72,2025-01-31
User-14,Zone-1,2025-01,5769.94,288.5,2025-01-31
User-13,Zone-1,2025-02,8695.86,434.79,2025-03-03
User-4,Zone-1,2025-03,9102.09,455.1,2025-03-31
User-11,Zone-1,2025-02,8740.05,437.0,2025-03-03
User-15,Zone-1,2025-02,7810.57,390.53,2025-03-03
User-6,Zone-1,2025-01,8351.7,417.59,2025-01-31
User-1,Zone-1,2025-01,7266.08,363.3,2025-01-31
User-5,Zone-1,2025-01,3187.92,159.4,2025-01-31
User-8,Zone-1,2025-03,1594.66,79.73,2025-03-31
User-12,Zone-1,2025-03,3886.18,194.31,2025-03-31
User-12,Zone-1,2025-02,8714.36,435.72,2025-03-03
User-6,Zone-1,2025-03,3128.05,156.4,2025-03-31
User-7,Zone-1,2025-02,2485.69,124.28,2025-03-03
User-11,Zone-1,2025-01,7969.15,398.46,2025-01-31
User-11,Zone-1,2025-02,3946.54,197.33,2025-03-03
User-8,Zone-1,2025-01,6684.25,334.21,2025-01-31
User-3,Zone-1,2025-03,8775.86,438.79,2025-03-31
User-6,Zone-1,2025-02,6102.28,305.11,2025-03-03
User-12,Zone-1,2025-03,4691.35,234.57,2025-03-31
User-1,Zone-1,2025-02,6594.04,329.7,2025-03-03
User-13,Zone-1,2025-02,6137.04,306.85,2025-03-03
User-15,Zone-1,2025-01,9111.76,455.59,2025-01-31
User-1,Zone-1,2025-01,4796.3,239.82,2025-01-31
User-10,Zone-1,2025-03,2082.13,104.11,2025-03-31
User-7,Zone-1,2025-03,4363.15,218.16,2025-03-31
User-12,Zone-1,2025-02,2270.16,113.51,2025-03-03
User-8,Zone-1,2025-02,8270.57,413.53,2025-03-03
User-3,Zone-1,2025-02,8656.05,432.8,2025-03-03
User-14,Zone-1,2025-01,3210.57,160.53,2025-01-31
User-13,Zone-1,2025-03,8242.28,412.11,2025-03-31
User-12,Zone-1,2025-02,7754.57,387.73,2025-03-03
User-3,Zone-1,2025-01,8010.23,400.51,2025-01-31
User-8,Zone-1,2025-03,5952.66,297.63,2025-03-31
User-6,Zone-1,2025-01,9753.48,487.67,2025-01-31
User-7,Zone-1,2025-02,9469.86,473.49,2025-03-03
User-3,Zone-1,2025-03,9700.59,485.03,2025-03-31
User-11,Zone-1,2025-03,9939.21,496.96,2025-03-31
User-14,Zone-1,2025-03,3108.71,155.44,2025-03-31
User-6,Zone-1,2025-03,8682.26,434.11,2025-03-31
User-3,Zone-1,2025-03,6715.85,335.79,2025-03-31
User-14,Zone-1,2025-01,3548.49,177.42,2025-01-31
User-11,Zone-1,2025-01,2312.19,115.61,2025-01-31
User-6,Zone-1,2025-03,3800.01,190.0,2025-03-31
User-3,Zone-1,2025-02,9826.28,491.31,2025-03-03
User-2,Zone-1,2025-02,5618.1,280.91,2025-03-03
User-5,Zone-1,2025-02,7186.92,359.35,2025-03-03
User-5,Zone-1,2025-01,7730.05,386.5,2025-01-31
User-4,Zone-1,2025-01,5858.98,292.95,2025-01-31
User-12,Zone-1,2025-03,4487.02,224.35,2025-03-31
User-15,Zone-1,2025-01,6674.97,333.75,2025-01-31
User-7,Zone-1,2025-02,4107.71,205.39,2025-03-03
User-11,Zone-1,2025-01,1931.61,96.58,2025-01-31
User-5,Zone-1,2025-02,8038.87,401.94,2025-03-03
User-3,Zone-1,2025-01,5271.17,263.56,2025-01-31
User-12,Zone-1,2025-02,6251.54,312.58,2025-03-03
User-13,Zone-1,2025-01,6085.95,304.3,2025-01-31
User-2,Zone-1,2025-03,6693.05,334.65,2025-03-31
User-13,Zone-1,2025-02,3358.52,167.93,2025-03-03
User-4,Zone-1,2025-03,5008.54,250.43,2025-03-31
User-14,Zone-1,2025-02,2327.71,116.39,2025-03-03
User-6,Zone-1,2025-02,3740.99,187.05,2025-03-03
User-10,Zone-1,2025-02,6106.44,305.32,2025-03-03
User-9,Zone-1,2025-02,7873.98,393.7,2025-03-03
User-7,Zone-1,2025-02,1991.2,99.56,2025-03-03
User-6,Zone-1,2025-02,4909.22,245.46,2025-03-03
User-5,Zone-1,2025-03,8086.17,404.31,2025-03-31
User-2,Zone-1,2025-03,3155.46,157.77,2025-03-31
User-14,Zone-1,2025-02,8635.77,431.79,2025-03-03
User-10,Zone-1,2025-03,3153.31,157.67,2025-03-31
User-3,Zone-1,2025-01,5549.57,277.48,2025-01-31
User-2,Zone-1,2025-03,9384.58,469.23,2025-03-31
User-5,Zone-1,2025-03,2087.57,104.38,2025-03-31
User-7,Zone-1,2025-01,8040.29,402.01,2025-01-31
User-11,Zone-1,2025-03,8380.4,419.02,2025-03-31
User-1,Zone-1,2025-03,3548.37,177.42,2025-03-31
User-8,Zone-1,2025-01,7541.63,377.08,2025-01-31
User-3,Zone-1,2025-02,7038.91,351.95,2025-03-03
User-13,Zone-1,2025-02,2471.45,123.57,2025-03-03
User-6,Zone-1,2025-02,9754.37,487.72,2025-03-03
User-2,Zone-1,2025-01,3092.54,154.63,2025-01-31
User-3,Zone-1,2025-03,4804.27,240.21,2025-03-31
User-5,Zone-1,2025-01,6355.35,317.77,2025-01-31
User-14,Zone-1,2025-01,2331.91,116.6,2025-01-31
User-7,Zone-1,2025-01,2243.79,112.19,2025-01-31
User-2,Zone-1,2025-01,9095.74,454.79,2025-01-31
User-5,Zone-1,2025-01,6585.38,329.27,2025-01-31
User-3,Zone-1,2025-03,1121.65,56.08,2025-03-31
User-7,Zone-1,2025-03,7484.32,374.22,2025-03-31
User-11,Zone-1,2025-01,8301.71,415.09,2025-01-31
User-15,Zone-1,2025-02,3764.92,188.25,2025-03-03
User-11,Zone-1,2025-02,5681.87,284.09,2025-03-03
User-11,Zone-1,2025-02,4951.46,247.57,2025-03-03
User-12,Zone-1,2025-03,8476.07,423.8,2025-03-31
User-15,Zone-1,2025-01,7355.12,367.76,2025-01-31
User-13,Zone-1,2025-01,1925.85,96.29,2025-01-31
User-1,Zone-1,2025-02,2824.4,141.22,2025-03-03
User-8,Zone-1,2025-03,6045.66,302.28,2025-03-31
User-1,Zone-1,2025-02,4529.25,226.46,2025-03-03
User-12,Zone-1,2025-03,5823.78,291.19,2025-03-31
User-8,Zone-1,2025-01,3091.44,154.57,2025-01-31
User-7,Zone-1,2025-02,4431.79,221.59,2025-03-03
User-11,Zone-1,2025-01,1212.25,60.61,2025-01-31
User-2,Zone-1,2025-01,2206.03,110.3,2025-01-31
User-14,Zone-1,2025-03,1314.02,65.7,2025-03-31
User-11,Zone-1,2025-03,5686.21,284.31,2025-03-31
User-6,Zone-1,2025-02,8371.97,418.6,2025-03-03
User-6,Zone-1,2025-02,2603.97,130.2,2025-03-03
User-10,Zone-1,2025-02,4036.76,201.84,2025-03-03
User-5,Zone-1,2025-01,9570.43,478.52,2025-01-31
User-12,Zone-1,2025-01,7425.58,371.28,2025-01-31
User-2,Zone-1,2025-01,4035.27,201.76,2025-01-31
User-1,Zone-1,2025-02,2320.38,116.02,2025-03-03
User-3,Zone-1,2025-03,7490.59,374.53,2025-03-31
User-1,Zone-1,2025-01,2105.91,105.3,2025-01-31
User-7,Zone-1,2025-01,7348.22,367.41,2025-01-31
User-9,Zone-1,2025-01,4186.41,209.32,2025-01-31
User-7,Zone-1,2025-01,6460.56,323.03,2025-01-31
User-14,Zone-1,2025-02,9916.11,495.81,2025-03-03
User-15,Zone-1,2025-01,7657.63,382.88,2025-01-31
User-8,Zone-1,2025-03,2403.88,120.19,2025-03-31
User-10,Zone-1,2025-01,8173.93,408.7,2025-01-31
User-13,Zone-1,2025-01,7274.54,363.73,2025-01-31
User-13,Zone-1,2025-01,3576.59,178.83,2025-01-31
User-12,Zone-1,2025-03,3373.47,168.67,2025-03-31
User-3,Zone-1,2025-03,5616.56,280.83,2025-03-31
User-10,Zone-1,2025-03,6348.85,317.44,2025-03-31
User-5,Zone-1,2025-01,6313.87,315.69,2025-01-31
User-5,Zone-1,2025-01,5122.41,256.12,2025-01-31
User-1,Zone-1,2025-02,5327.7,266.38,2025-03-03
User-8,Zone-1,2025-01,8341.08,417.05,2025-01-31
User-7,Zone-1,2025-01,7466.68,373.33,2025-01-31
User-10,Zone-1,2025-03,7784.1,389.21,2025-03-31
User-14,Zone-1,2025-02,2788.99,139.45,2025-03-03
User-8,Zone-1,2025-03,5455.65,272.78,2025-03-31
User-6,Zone-1,2025-03,5124.03,256.2,2025-03-31
User-15,Zone-1,2025-03,1873.32,93.67,2025-03-31
User-10,Zone-1,2025-03,5840.15,292.01,2025-03-31
User-13,Zone-1,2025-01,4946.0,247.3,2025-01-31
User-2,Zone-1,2025-02,2432.42,121.62,2025-03-03
User-13,Zone-1,2025-02,3506.08,175.3,2025-03-03
User-7,Zone-1,2025-03,4850.09,242.5,2025-03-31
User-8,Zone-1,2025-02,1704.11,85.21,2025-03-03
User-9,Zone-1,2025-03,9607.23,480.36,2025-03-31
User-5,Zone-1,2025-03,7760.08,388.0,2025-03-31
User-15,Zone-1,2025-01,7092.69,354.63,2025-01-31
User-1,Zone-1,2025-03,1992.21,99.61,2025-03-31
User-9,Zone-1,2025-02,2526.82,126.34,2025-03-03
User-8,Zone-1,2025-02,1239.58,61.98,2025-03-03
User-12,Zone-1,2025-02,8023.63,401.18,2025-03-03
User-10,Zone-1,2025-03,9731.59,486.58,2025-03-31
User-10,Zone-1,2025-02,6480.1,324.01,2025-03-03
User-13,Zone-1,2025-01,6587.54,329.38,2025-01-31
User-8,Zone-1,2025-03,8994.09,449.7,2025-03-31
User-1,Zone-1,2025-01,2522.71,126.14,2025-01-31
User-10,Zone-1,2025-03,1574.36,78.72,2025-03-31
User-8,Zone-1,2025-01,2745.84,137.29,2025-01-31
User-15,Zone-1,2025-03,9917.04,495.85,2025-03-31
User-3,Zone-1,2025-01,8683.12,434.16,2025-01-31
User-8,Zone-1,2025-02,4722.64,236.13,2025-03-03
User-7,Zone-1,2025-01,9550.33,477.52,2025-01-31
User-15,Zone-1,2025-03,7803.86,390.19,2025-03-31
User-4,Zone-1,2025-01,3628.99,181.45,2025-01-31
User-6,Zone-1,2025-03,9472.38,473.62,2025-03-31
User-10,Zone-1,2025-03,6750.75,337.54,2025-03-31
User-14,Zone-1,2025-03,8677.08,433.85,2025-03-31
User-5,Zone-1,2025-03,7087.8,354.39,2025-03-31
User-4,Zone-1,2025-01,2118.34,105.92,2025-01-31
User-7,Zone-1,2025-03,5772.8,288.64,2025-03-31
User-10,Zone-1,2025-03,4608.9,230.44,2025-03-31
User-3,Zone-1,2025-03,2520.86,126.04,2025-03-31
User-8,Zone-1,2025-03,4352.93,217.65,2025-03-31
User-2,Zone-1,2025-03,3635.87,181.79,2025-03-31
User-2,Zone-1,2025-01,5411.73,270.59,2025-01-31
User-5,Zone-1,2025-02,4163.2,208.16,2025-03-03
User-13,Zone-1,2025-01,2677.61,133.88,2025-01-31
User-4,Zone-1,2025-02,9880.73,494.04,2025-03-03
User-13,Zone-1,2025-03,1000.63,50.03,2025-03-31
User-5,Zone-1,2025-01,4655.65,232.78,2025-01-31
User-15,Zone-1,2025-01,9351.69,467.58,2025-01-31
User-11,Zone-1,2025-03,5431.85,271.59,2025-03-31
User-8,Zone-1,2025-01,8736.06,436.8,2025-01-31
User-4,Zone-1,2025-01,3407.39,170.37,2025-01-31
User-13,Zone-1,2025-02,2834.51,141.73,2025-03-03
User-6,Zone-1,2025-01,4573.05,228.65,2025-01-31
User-5,Zone-1,2025-03,3241.79,162.09,2025-03-31
User-9,Zone-1,2025-01,2092.57,104.63,2025-01-31
User-6,Zone-1,2025-02,2735.94,136.8,2025-03-03
User-9,Zone-1,2025-02,3915.44,195.77,2025-03-03
User-4,Zone-1,2025-01,9200.63,460.03,2025-01-31
User-9,Zone-1,2025-03,4836.25,241.81,2025-03-31
User-9,Zone-1,2025-02,4520.19,226.01,2025-03-03
User-2,Zone-1,2025-02,3980.16,199.01,2025-03-03
User-9,Zone-1,2025-03,1284.13,64.21,2025-03-31
User-8,Zone-1,2025-02,7293.4,364.67,2025-03-03
User-12,Zone-1,2025-01,3832.54,191.63,2025-01-31
User-13,Zone-1,2025-01,4182.43,209.12,2025-01-31
User-8,Zone-1,2025-03,5629.34,281.47,2025-03-31
User-3,Zone-1,2025-03,4399.86,219.99,2025-03-31
User-1,Zone-1,2025-01,9442.48,472.12,2025-01-31
User-9,Zone-1,2025-03,7238.55,361.93,2025-03-31
User-6,Zone-1,2025-03,1303.84,65.19,2025-03-31
User-14,Zone-1,2025-03,5573.31,278.67,2025-03-31
User-12,Zone-1,2025-01,4261.76,213.09,2025-01-31
User-8,Zone-1,2025-01,2694.33,134.72,2025-01-31
User-4,Zone-1,2025-02,5683.71,284.19,2025-03-03
User-8,Zone-1,2025-03,6492.39,324.62,2025-03-31
User-12,Zone-1,2025-01,7672.98,383.65,2025-01-31
User-14,Zone-1,2025-01,8088.06,404.4,2025-01-31
User-11,Zone-1,2025-02,5701.83,285.09,2025-03-03
User-9,Zone-1,2025-01,3160.91,158.05,2025-01-31
User-13,Zone-1,2025-02,6772.72,338.64,2025-03-03
User-13,Zone-1,2025-03,9677.2,483.86,2025-03-31
User-1,Zone-1,2025-02,9783.71,489.19,2025-03-03
User-8,Zone-1,2025-02,7097.67,354.88,2025-03-03
User-7,Zone-1,2025-02,8715.6,435.78,2025-03-03
User-10,Zone-1,2025-03,4329.7,216.49,2025-03-31
User-6,Zone-1,2025-03,5004.33,250.22,2025-03-31
User-9,Zone-1,2025-03,9661.13,483.06,2025-03-31
User-14,Zone-1,2025-01,9543.85,477.19,2025-01-31
User-15,Zone-1,2025-01,3408.71,170.44,2025-01-31
User-11,Zone-1,2025-02,1641.31,82.07,2025-03-03
User-7,Zone-1,2025-01,1323.54,66.18,2025-01-31
User-1,Zone-1,2025-03,4817.17,240.86,2025-03-31
User-1,Zone-1,2025-02,3051.78,152.59,2025-03-03
User-2,Zone-1,2025-01,8342.81,417.14,2025-01-31
User-7,Zone-1,2025-01,2425.68,121.28,2025-01-31
User-15,Zone-1,2025-01,5517.62,275.88,2025-01-31
User-15,Zone-1,2025-03,4865.7,243.28,2025-03-31
User-2,Zone-1,2025-02,6636.11,331.81,2025-03-03
User-5,Zone-1,2025-03,2524.42,126.22,2025-03-31
User-11,Zone-1,2025-01,6430.78,321.54,2025-01-31
User-4,Zone-1,2025-01,8394.78,419.74,2025-01-31
User-3,Zone-1,2025-02,9239.94,462.0,2025-03-03
User-14,Zone-1,2025-01,4095.15,204.76,2025-01-31
User-3,Zone-1,2025-02,6037.27,301.86,2025-03-03
User-4,Zone-1,2025-02,8519.46,425.97,2025-03-03
