zone_id,month,total_consumption_litres
Zone-1,2025-01,266978.13
Zone-1,2025-03,78098.65
Zone-1,2025-01,294912.05
Zone-1,2025-02,52720.82
Zone-1,2025-01,105571.55
Zone-1,2025-01,266713.49
Zone-1,2025-03,88077.8
Zone-1,2025-01,204564.26
Zone-1,2025-01,200287.7
Zone-1,2025-02,76429.44
Zone-1,2025-02,196235.76
Zone-1,2025-01,72578.83
Zone-1,2025-01,123802.84
Zone-1,2025-03,295683.17
Zone-1,2025-01,53501.37
Zone-1,2025-03,82871.02
Zone-1,2025-03,291023.02
Zone-1,2025-02,132461.1
Zone-1,2025-01,227659.98
Zone-1,2025-02,149393.28
Zone-1,2025-03,251533.07
Zone-1,2025-02,279032.12
Zone-1,2025-01,241477.53
Zone-1,2025-02,63286.07
Zone-1,2025-03,52851.25
Zone-1,2025-03,114747.87
Zone-1,2025-01,282792.07
Zone-1,2025-03,299156.26
Zone-1,2025-03,71986.79
Zone-1,2025-03,232750.86
Zone-1,2025-02,65012.17
Zone-1,2025-03,249690.65
Zone-1,2025-03,50915.95
Zone-1,2025-02,290416.27
Zone-1,2025-03,196193.06
Zone-1,2025-03,100994.66
Zone-1,2025-03,243280.19
Zone-1,2025-01,90227.65
Zone-1,2025-03,71020.03
Zone-1,2025-03,69575.75
Zone-1,2025-03,231636.05
Zone-1,2025-02,180879.35
Zone-1,2025-03,76519.07
Zone-1,2025-03,215334.74
Zone-1,2025-02,281849.95
Zone-1,2025-01,132940.05
Zone-1,2025-03,147964.86
Zone-1,2025-01,107979.32
Zone-1,2025-02,180256.57
Zone-1,2025-03,225408.98
Zone-1,2025-02,155690.09
Zone-1,2025-03,200941.55
Zone-1,2025-01,56877.61
Zone-1,2025-01,157865.35
Zone-1,2025-01,68373.24
Zone-1,2025-03,233314.77
Zone-1,2025-03,290216.56
Zone-1,2025-03,55859.22
Zone-1,2025-02,257229.79
Zone-1,2025-03,69360.3
Zone-1,2025-02,168691.49
Zone-1,2025-01,138798.72
Zone-1,2025-01,253780.47
Zone-1,2025-02,165550.73
Zone-1,2025-01,137902.03
Zone-1,2025-01,53582.32
Zone-1,2025-03,144171.97
Zone-1,2025-01,73187.42
Zone-1,2025-03,286944.65
Zone-1,2025-02,246987.32
Zone-1,2025-01,232222.83
Zone-1,2025-03,198356.73
Zone-1,2025-03,163719.16
Zone-1,2025-03,253167.92
Zone-1,2025-02,277651.42
Zone-1,2025-02,76786.4
Zone-1,2025-03,203081.35
Zone-1,2025-01,97977.69
Zone-1,2025-01,178638.69
Zone-1,2025-01,138856.43
Zone-1,2025-02,60625.74
Zone-1,2025-01,123740.45
Zone-1,2025-02,257695.17
Zone-1,2025-02,163031.79
Zone-1,2025-02,291533.7
Zone-1,2025-02,225454.98
Zone-1,2025-01,277738.32
Zone-1,2025-01,144718.19
Zone-1,2025-02,296738.75
Zone-1,2025-01,180490.75
Zone-1,2025-02,245763.24
Zone-1,2025-03,144285.7
Zone-1,2025-02,105478.36
Zone-1,2025-01,234028.76
Zone-1,2025-02,84919.99
Zone-1,2025-01,237083.52
Zone-1,2025-02,250821.72
Zone-1,2025-01,222631.11
Zone-1,2025-03,274238.61
Zone-1,2025-02,143109.91
Zone-1,2025-01,126976.5
Zone-1,2025-02,122573.27
Zone-1,2025-01,228615.82
Zone-1,2025-01,124440.43
Zone-1,2025-02,95675.38
Zone-1,2025-02,242013.6
Zone-1,2025-03,141705.8
Zone-1,2025-03,74668.52
Zone-1,2025-03,210194.59
Zone-1,2025-03,246727.17
Zone-1,2025-03,178958.81
Zone-1,2025-01,243976.52
Zone-1,2025-03,104717.29
Zone-1,2025-02,242430.09
Zone-1,2025-01,206561.63
Zone-1,2025-03,290340.62
Zone-1,2025-01,133309.38
Zone-1,2025-02,78226.78
Zone-1,2025-03,277806.97
Zone-1,2025-03,233699.74
Zone-1,2025-03,206167.38
Zone-1,2025-01,108983.68
Zone-1,2025-03,53327.78
Zone-1,2025-01,189882.68
Zone-1,2025-01,68298.0
Zone-1,2025-02,234743.57
Zone-1,2025-01,249042.71
Zone-1,2025-02,163792.6
Zone-1,2025-03,261381.04
Zone-1,2025-03,287725.34
Zone-1,2025-03,83753.11
Zone-1,2025-03,266718.04
Zone-1,2025-01,241509.3
Zone-1,2025-01,296902.15
Zone-1,2025-01,195033.04
Zone-1,2025-02,187885.96
Zone-1,2025-01,271785.69
Zone-1,2025-01,132012.15
Zone-1,2025-03,82574.45
Zone-1,2025-02,296752.3
Zone-1,2025-02,223904.48
Zone-1,2025-02,250970.39
Zone-1,2025-02,86433.5
Zone-1,2025-01,53599.55
Zone-1,2025-01,286033.47
Zone-1,2025-01,253657.65
Zone-1,2025-01,67224.61
Zone-1,2025-02,214367.2
Zone-1,2025-03,136916.44
Zone-1,2025-02,58336.8
Zone-1,2025-01,124170.86
Zone-1,2025-02,203284.77
Zone-1,2025-02,176542.85
Zone-1,2025-02,280485.21
Zone-1,2025-02,107075.74
Zone-1,2025-02,69239.34
Zone-1,2025-03,252164.27
Zone-1,2025-01,288870.43
Zone-1,2025-03,111497.89
Zone-1,2025-01,262796.48
Zone-1,2025-02,192063.95
Zone-1,2025-03,163228.5
Zone-1,2025-02,214475.58
Zone-1,2025-01,61795.73
Zone-1,2025-02,170294.34
Zone-1,2025-02,274966.65
Zone-1,2025-02,227386.9
Zone-1,2025-03,166713.65
Zone-1,2025-02,96501.72
Zone-1,2025-03,203096.14
Zone-1,2025-03,261264.02
Zone-1,2025-01,178500.56
Zone-1,2025-03,109908.2
Zone-1,2025-01,160433.68
Zone-1,2025-02,249232.3
Zone-1,2025-01,135702.4
Zone-1,2025-01,133942.85
Zone-1,2025-01,224083.33
Zone-1,2025-03,297997.59
Zone-1,2025-02,213410.88
Zone-1,2025-03,71842.41
Zone-1,2025-01,265559.82
Zone-1,2025-02,121326.96
Zone-1,2025-02,183117.1
Zone-1,2025-03,205780.53
Zone-1,2025-03,57827.73
Zone-1,2025-01,104189.1
Zone-1,2025-03,110179.75
Zone-1,2025-02,112962.69
Zone-1,2025-01,104235.01
Zone-1,2025-02,151903.35
Zone-1,2025-02,196915.07
Zone-1,2025-03,168277.72
Zone-1,2025-02,162612.54
Zone-1,2025-03,196207.66
Zone-1,2025-01,169227.02
Zone-1,2025-03,144225.0
Zone-1,2025-02,90553.01
Zone-1,2025-01,235223.99
Zone-1,2025-02,65251.43
Zone-1,2025-01,226909.34
Zone-1,2025-03,221367.7
Zone-1,2025-02,207085.95
Zone-1,2025-03,127376.05
Zone-1,2025-02,168583.54
Zone-1,2025-02,200685.9
Zone-1,2025-03,65832.14
Zone-1,2025-01,88298.98
Zone-1,2025-03,261883.23
Zone-1,2025-03,135773.65
Zone-1,2025-03,156563.46
Zone-1,2025-03,204010.63
Zone-1,2025-02,165020.01
Zone-1,2025-01,143292.06
Zone-1,2025-02,205632.11
Zone-1,2025-03,268152.42
Zone-1,2025-03,170905.2
Zone-1,2025-03,246628.41
Zone-1,2025-03,203348.33
Zone-1,2025-02,90129.02
Zone-1,2025-03,100372.38
Zone-1,2025-01,179650.87
Zone-1,2025-03,143494.07
Zone-1,2025-02,61045.45
Zone-1,2025-02,81960.87
Zone-1,2025-01,93367.75
Zone-1,2025-01,256630.39
Zone-1,2025-03,78637.2
Zone-1,2025-02,254916.7
Zone-1,2025-02,237104.15
Zone-1,2025-03,137435.86
Zone-1,2025-03,221657.79
Zone-1,2025-03,183825.46
Zone-1,2025-03,294833.53
Zone-1,2025-02,224277.08
Zone-1,2025-01,183843.17
Zone-1,2025-01,94380.92
Zone-1,2025-03,93081.41
Zone-1,2025-03,103481.51
Zone-1,2025-01,172651.89
Zone-1,2025-03,187101.78
Zone-1,2025-02,203133.6
Zone-1,2025-02,84886.88
Zone-1,2025-03,280120.15
Zone-1,2025-03,222381.81
Zone-1,2025-01,126733.27
Zone-1,2025-02,289655.75
Zone-1,2025-02,293978.97
Zone-1,2025-03,248545.35
Zone-1,2025-02,237995.96
Zone-1,2025-01,290902.94
Zone-1,2025-01,115106.38
Zone-1,2025-03,84985.2
Zone-1,2025-02,163384.58
Zone-1,2025-01,145105.82
Zone-1,2025-02,130136.7
Zone-1,2025-01,215836.45
Zone-1,2025-03,220167.84
Zone-1,2025-01,105679.0
Zone-1,2025-02,250626.21
Zone-1,2025-02,222763.01
Zone-1,2025-01,220361.02
Zone-1,2025-03,108602.53
Zone-1,2025-01,210031.7
Zone-1,2025-03,101293.25
Zone-1,2025-03,147834.34
Zone-1,2025-02,90131.65
Zone-1,2025-01,256094.95
Zone-1,2025-03,217079.27
Zone-1,2025-03,75977.66
Zone-1,2025-01,246210.06
Zone-1,2025-01,246383.07
Zone-1,2025-02,161065.39
Zone-1,2025-03,112669.77
Zone-1,2025-02,211052.27
Zone-1,2025-03,265775.5
Zone-1,2025-01,208779.33
Zone-1,2025-03,183117.69
Zone-1,2025-03,225792.8
Zone-1,2025-02,228869.94
Zone-1,2025-02,148246.91
Zone-1,2025-02,179210.28
Zone-1,2025-02,271734.76
Zone-1,2025-01,68205.55
Zone-1,2025-02,148947.46
Zone-1,2025-03,126603.95
Zone-1,2025-03,191040.6
Zone-1,2025-02,269886.78
Zone-1,2025-03,75753.57
Zone-1,2025-03,137175.6
Zone-1,2025-01,105556.48
Zone-1,2025-02,229669.17
Zone-1,2025-02,127079.88
Zone-1,2025-01,260537.41
Zone-1,2025-03,146226.35
Zone-1,2025-02,52887.18
Zone-1,2025-03,264601.37
Zone-1,2025-01,170639.58
Zone-1,2025-01,193626.26
Zone-1,2025-02,86841.17
Zone-1,2025-01,189306.52
Zone-1,2025-03,172143.42
Zone-1,2025-03,188888.84
Zone-1,2025-03,121376.22
Zone-1,2025-03,136849.3
Zone-1,2025-01,220910.72
Zone-1,2025-02,196021.97
Zone-1,2025-03,88849.67
Zone-1,2025-01,235089.81
Zone-1,2025-02,196670.75
Zone-1,2025-03,230781.16
Zone-1,2025-03,260135.69
Zone-1,2025-02,291141.26
Zone-1,2025-01,188792.94
Zone-1,2025-01,159040.16
Zone-1,2025-03,219760.64
Zone-1,2025-01,108753.44
Zone-1,2025-03,154708.48
Zone-1,2025-01,158225.55
Zone-1,2025-03,265585.76
Zone-1,2025-03,283071.22
Zone-1,2025-03,236362.74
Zone-1,2025-03,169945.75
Zone-1,2025-02,297794.09
Zone-1,2025-02,128005.31
Zone-1,2025-03,265167.73
Zone-1,2025-02,277474.9
Zone-1,2025-01,292993.08
Zone-1,2025-03,287026.19
Zone-1,2025-01,232560.3
Zone-1,2025-01,274973.74
Zone-1,2025-03,230786.03
Zone-1,2025-03,263686.5
Zone-1,2025-03,269270.02
Zone-1,2025-02,125578.53
Zone-1,2025-01,246631.31
Zone-1,2025-03,198383.74
Zone-1,2025-02,225258.12
Zone-1,2025-01,161524.71
Zone-1,2025-02,142659.11
Zone-1,2025-02,181511.73
Zone-1,2025-02,200378.91
Zone-1,2025-02,240582.78
Zone-1,2025-02,80566.28
Zone-1,2025-03,276532.44
Zone-1,2025-03,153944.3
Zone-1,2025-01,98532.03
Zone-1,2025-03,197129.25
Zone-1,2025-01,296409.74
Zone-1,2025-03,174622.07
Zone-1,2025-03,183138.49
Zone-1,2025-03,64404.44
Zone-1,2025-02,279415.14
Zone-1,2025-02,177047.9
Zone-1,2025-01,54092.57
Zone-1,2025-01,55052.56
Zone-1,2025-02,114057.81
Zone-1,2025-02,53006.97
Zone-1,2025-03,109065.9
Zone-1,2025-02,120259.91
Zone-1,2025-01,282626.41
Zone-1,2025-01,235027.94
Zone-1,2025-02,130319.35
Zone-1,2025-03,111512.46
Zone-1,2025-01,264826.72
Zone-1,2025-02,158753.12
Zone-1,2025-02,126976.93
Zone-1,2025-01,78043.38
Zone-1,2025-02,158453.41
Zone-1,2025-02,65410.17
Zone-1,2025-03,84107.31
Zone-1,2025-01,191952.48
Zone-1,2025-01,61385.79
Zone-1,2025-02,134726.42
Zone-1,2025-01,282696.36
Zone-1,2025-02,169262.59
Zone-1,2025-01,242250.15
Zone-1,2025-01,273818.91
Zone-1,2025-03,56346.65
Zone-1,2025-03,193999.3
Zone-1,2025-02,144972.84
Zone-1,2025-01,104843.74
Zone-1,2025-02,153522.8
Zone-1,2025-03,164808.02
Zone-1,2025-03,170253.83
Zone-1,2025-01,144419.14
Zone-1,2025-03,288575.92
Zone-1,2025-02,123382.27
Zone-1,2025-02,136716.87
Zone-1,2025-03,173239.86
Zone-1,2025-01,273900.85
Zone-1,2025-01,91872.93
Zone-1,2025-03,214826.12
Zone-1,2025-02,107791.92
Zone-1,2025-01,210601.83
Zone-1,2025-01,246974.81
Zone-1,2025-03,128570.73
Zone-1,2025-03,148552.68
Zone-1,2025-02,164439.57
Zone-1,2025-01,154530.36
Zone-1,2025-02,262683.78
Zone-1,2025-03,89046.12
Zone-1,2025-02,110945.81
Zone-1,2025-03,63085.58
Zone-1,2025-03,263103.41
Zone-1,2025-01,132394.09
Zone-1,2025-01,209517.74
Zone-1,2025-01,125239.06
Zone-1,2025-03,155853.45
Zone-1,2025-01,142958.62
Zone-1,2025-02,243459.49
Zone-1,2025-02,162660.06
Zone-1,2025-03,51510.22
Zone-1,2025-02,147880.17
Zone-1,2025-03,277750.89
Zone-1,2025-01,141030.99
Zone-1,2025-02,198883.67
Zone-1,2025-03,52703.94
Zone-1,2025-02,199710.77
Zone-1,2025-02,229232.57
Zone-1,2025-02,291142.25
Zone-1,2025-03,284398.0
Zone-1,2025-02,209389.43
Zone-1,2025-03,274280.12
Zone-1,2025-02,253785.27
Zone-1,2025-02,211125.2
Zone-1,2025-01,109821.83
Zone-1,2025-02,198754.47
Zone-1,2025-03,117725.14
Zone-1,2025-01,297196.14
Zone-1,2025-03,88287.93
Zone-1,2025-03,115042.7
Zone-1,2025-01,97608.27
Zone-1,2025-02,163915.04
Zone-1,2025-03,72426.67
Zone-1,2025-01,207900.28
Zone-1,2025-02,248952.99
Zone-1,2025-02,240365.78
Zone-1,2025-03,168520.36
Zone-1,2025-02,271232.12
Zone-1,2025-01,187893.64
Zone-1,2025-01,171945.48
Zone-1,2025-01,61127.77
Zone-1,2025-01,282151.32
Zone-1,2025-03,75949.63
Zone-1,2025-03,221891.33
Zone-1,2025-01,232423.14
Zone-1,2025-01,275920.35
Zone-1,2025-01,146602.93
Zone-1,2025-01,62680.35
Zone-1,2025-01,265217.27
Zone-1,2025-02,282757.2
Zone-1,2025-01,53858.54
Zone-1,2025-02,115920.83
Zone-1,2025-02,287695.06
Zone-1,2025-01,72992.82
Zone-1,2025-03,127834.73
Zone-1,2025-02,141301.75
Zone-1,2025-02,80535.47
Zone-1,2025-02,216406.56
Zone-1,2025-02,233806.2
Zone-1,2025-03,95336.29
Zone-1,2025-01,265209.39
Zone-1,2025-03,238469.15
Zone-1,2025-01,213048.12
Zone-1,2025-02,191111.15
Zone-1,2025-02,191963.02
Zone-1,2025-02,58649.65
Zone-1,2025-02,295421.09
Zone-1,2025-03,134623.69
Zone-1,2025-03,227658.18
Zone-1,2025-01,136482.93
Zone-1,2025-02,226557.24
Zone-1,2025-03,277364.29
Zone-1,2025-03,231324.29
Zone-1,2025-01,123376.95
Zone-1,2025-03,225585.69
Zone-1,2025-01,278491.04
Zone-1,2025-01,103940.06
Zone-1,2025-02,51303.3
Zone-1,2025-03,193737.05
Zone-1,2025-01,149381.55
Zone-1,2025-03,114027.39
Zone-1,2025-03,78547.82
Zone-1,2025-02,58257.11
Zone-1,2025-01,179479.38
Zone-1,2025-03,204670.56
Zone-1,2025-03,271043.14
Zone-1,2025-01,119834.21
Zone-1,2025-01,75838.17
Zone-1,2025-01,208277.13
Zone-1,2025-03,104007.68
Zone-1,2025-03,168735.95
Zone-1,2025-02,248373.21
Zone-1,2025-01,139338.08
Zone-1,2025-01,273380.93
Zone-1,2025-03,209508.54
Zone-1,2025-03,202632.81
Zone-1,2025-02,102468.01
Zone-1,2025-02,72022.23
Zone-1,2025-01,243858.41
Zone-1,2025-03,298205.04
Zone-1,2025-02,179902.66
Zone-1,2025-03,58113.34
Zone-1,2025-01,191576.82
Zone-1,2025-03,150339.78
Zone-1,2025-01,245967.02
Zone-1,2025-01,183350.67
Zone-1,2025-02,213881.34
Zone-1,2025-01,62315.76
Zone-1,2025-03,63257.77
Zone-1,2025-03,206135.49
Zone-1,2025-01,259625.88
Zone-1,2025-01,137955.56
Zone-1,2025-03,76029.28
Zone-1,2025-02,266695.1
Zone-1,2025-01,241352.75
Zone-1,2025-03,177198.39
Zone-1,2025-03,293679.0
Zone-1,2025-03,177096.88
Zone-1,2025-02,189728.8
Zone-1,2025-02,288593.44
Zone-1,2025-01,282572.24
Zone-1,2025-03,179460.59
Zone-1,2025-03,268596.25
Zone-1,2025-03,56741.92
Zone-1,2025-01,135445.67
Zone-1,2025-02,88493.26
Zone-1,2025-02,224949.12
Zone-1,2025-01,80695.8
Zone-1,2025-02,250670.07
Zone-1,2025-02,108810.02
Zone-1,2025-03,193288.31
Zone-1,2025-02,168800.56
Zone-1,2025-01,217210.57
Zone-1,2025-01,268665.32
Zone-1,2025-02,233299.11
Zone-1,2025-03,290245.98
Zone-1,2025-03,257439.71
Zone-1,2025-01,204678.91
Zone-1,2025-01,179841.48
Zone-1,2025-03,101331.43
Zone-1,2025-02,145067.6
Zone-1,2025-03,183168.49
Zone-1,2025-02,143334.45
Zone-1,2025-02,211830.31
Zone-1,2025-01,153369.88
Zone-1,2025-03,225133.52
Zone-1,2025-03,225210.86
Zone-1,2025-02,217907.23
Zone-1,2025-03,181443.05
Zone-1,2025-02,101852.99
Zone-1,2025-01,180312.01
Zone-1,2025-02,104550.08
Zone-1,2025-02,197593.33
Zone-1,2025-01,288770.97
Zone-1,2025-01,127299.13
Zone-1,2025-03,266726.57
Zone-1,2025-03,269123.91
Zone-1,2025-03,92613.19
Zone-1,2025-03,59000.83
Zone-1,2025-02,66512.96
Zone-1,2025-01,297074.44
Zone-1,2025-03,52045.4
Zone-1,2025-01,219271.02
Zone-1,2025-02,288445.97
Zone-1,2025-02,292769.32
Zone-1,2025-02,173019.7
Zone-1,2025-03,176267.36
Zone-1,2025-01,180580.47
Zone-1,2025-01,290778.57
Zone-1,2025-01,63993.24
Zone-1,2025-03,129957.74
Zone-1,2025-01,82506.23
Zone-1,2025-01,116291.26
Zone-1,2025-01,102714.18
Zone-1,2025-03,78256.56
Zone-1,2025-03,227957.1
Zone-1,2025-03,263869.4
Zone-1,2025-03,187358.66
Zone-1,2025-02,273935.52
Zone-1,2025-02,150899.48
Zone-1,2025-01,60576.57
Zone-1,2025-03,240014.1
Zone-1,2025-03,249163.0
Zone-1,2025-02,54497.83
Zone-1,2025-02,237550.2
Zone-1,2025-03,255371.47
Zone-1,2025-01,259884.0
Zone-1,2025-03,290696.99
Zone-1,2025-02,108232.26
Zone-1,2025-03,75015.27
Zone-1,2025-02,73669.18
Zone-1,2025-01,171505.21
Zone-1,2025-03,192138.12
Zone-1,2025-01,151607.53
Zone-1,2025-01,67224.01
Zone-1,2025-02,298304.74
Zone-1,2025-03,219744.34
Zone-1,2025-02,144260.05
Zone-1,2025-01,247195.48
Zone-1,2025-03,115168.45
Zone-1,2025-03,106505.94
Zone-1,2025-02,86783.15
Zone-1,2025-02,90893.08
Zone-1,2025-03,167498.92
Zone-1,2025-03,205155.07
Zone-1,2025-01,292622.83
Zone-1,2025-03,201393.76
Zone-1,2025-03,143136.21
Zone-1,2025-03,74367.41
Zone-1,2025-03,205082.22
Zone-1,2025-02,135672.29
Zone-1,2025-01,193087.16
Zone-1,2025-01,153704.4
Zone-1,2025-01,72232.86
Zone-1,2025-03,282086.06
Zone-1,2025-01,102612.6
Zone-1,2025-02,85008.0
Zone-1,2025-02,258873.45
Zone-1,2025-01,217134.98
Zone-1,2025-02,247522.5
Zone-1,2025-03,216201.98
Zone-1,2025-02,298662.07
Zone-1,2025-01,110646.34
Zone-1,2025-01,157689.75
Zone-1,2025-03,216032.39
Zone-1,2025-01,92081.1
Zone-1,2025-03,109484.35
Zone-1,2025-01,275764.36
Zone-1,2025-01,50565.87
Zone-1,2025-02,220265.29
Zone-1,2025-01,210240.84
Zone-1,2025-01,201402.03
Zone-1,2025-01,143990.46
Zone-1,2025-01,266102.8
Zone-1,2025-03,269444.09
Zone-1,2025-01,141230.1
Zone-1,2025-03,252702.41
Zone-1,2025-03,263899.22
Zone-1,2025-02,287283.28
Zone-1,2025-01,150545.83
Zone-1,2025-01,154622.62
Zone-1,2025-01,109681.46
Zone-1,2025-01,253701.64
Zone-1,2025-03,246300.06
Zone-1,2025-01,291856.99
Zone-1,2025-01,88997.01
Zone-1,2025-02,79853.41
Zone-1,2025-01,140184.35
Zone-1,2025-01,297367.89
Zone-1,2025-01,219141.72
Zone-1,2025-01,126616.93
Zone-1,2025-03,252426.13
Zone-1,2025-03,184743.37
Zone-1,2025-02,170648.11
Zone-1,2025-01,107456.57
Zone-1,2025-03,126947.65
Zone-1,2025-03,247983.85
Zone-1,2025-03,60950.95
Zone-1,2025-02,79707.71
Zone-1,2025-01,50727.77
Zone-1,2025-03,82412.84
Zone-1,2025-03,244091.63
Zone-1,2025-01,103467.27
Zone-1,2025-03,160608.55
Zone-1,2025-02,213775.46
Zone-1,2025-02,242719.14
Zone-1,2025-01,255224.65
Zone-1,2025-03,168032.31
Zone-1,2025-02,97795.77
Zone-1,2025-02,100212.58
Zone-1,2025-01,99536.46
Zone-1,2025-03,129151.3
Zone-1,2025-03,73973.75
Zone-1,2025-03,171171.15
Zone-1,2025-01,280360.65
Zone-1,2025-01,238568.02
Zone-1,2025-03,248013.48
Zone-1,2025-02,118396.09
Zone-1,2025-01,287960.36
Zone-1,2025-03,245778.19
Zone-1,2025-02,266052.39
Zone-1,2025-02,287153.15
Zone-1,2025-03,158980.77
Zone-1,2025-03,100502.83
Zone-1,2025-02,164658.96
Zone-1,2025-03,209466.97
Zone-1,2025-02,127026.96
Zone-1,2025-03,232377.55
Zone-1,2025-03,174319.97
Zone-1,2025-02,103131.5
Zone-1,2025-01,246824.73
Zone-1,2025-01,174855.09
Zone-1,2025-02,205229.5
Zone-1,2025-03,223739.78
Zone-1,2025-01,115349.91
Zone-1,2025-02,120809.01
Zone-1,2025-01,230846.89
Zone-1,2025-01,106382.57
Zone-1,2025-03,143389.81
Zone-1,2025-03,245560.43
Zone-1,2025-02,189665.42
Zone-1,2025-03,280409.24
Zone-1,2025-03,159521.35
Zone-1,2025-01,67932.07
Zone-1,2025-03,110774.0
Zone-1,2025-02,268683.14
Zone-1,2025-01,154624.81
Zone-1,2025-02,138699.05
Zone-1,2025-01,246428.04
Zone-1,2025-01,168171.08
Zone-1,2025-01,137456.12
Zone-1,2025-02,157949.6
Zone-1,2025-01,258868.58
Zone-1,2025-03,104405.24
Zone-1,2025-01,138435.43
Zone-1,2025-02,104239.73
Zone-1,2025-02,178255.3
Zone-1,2025-02,69081.74
Zone-1,2025-01,190627.02
Zone-1,2025-01,109848.05
Zone-1,2025-01,76177.77
Zone-1,2025-01,69263.82
Zone-1,2025-02,267202.88
Zone-1,2025-03,216466.85
Zone-1,2025-02,169727.1
Zone-1,2025-03,163974.06
Zone-1,2025-03,211593.33
Zone-1,2025-01,78428.44
Zone-1,2025-03,165806.33
Zone-1,2025-02,232235.1
Zone-1,2025-03,202731.57
Zone-1,2025-01,294027.13
Zone-1,2025-03,107023.39
Zone-1,2025-01,95962.76
Zone-1,2025-02,298747.82
Zone-1,2025-01,152183.71
Zone-1,2025-01,123690.3
Zone-1,2025-01,261393.86
Zone-1,2025-01,85167.81
Zone-1,2025-02,208096.42
Zone-1,2025-01,175790.55
Zone-1,2025-02,244823.91
Zone-1,2025-02,186744.56
Zone-1,2025-03,286768.71
Zone-1,2025-01,119723.49
Zone-1,2025-02,137478.77
Zone-1,2025-01,269373.08
Zone-1,2025-01,86928.86
Zone-1,2025-01,240723.68
Zone-1,2025-02,295191.53
Zone-1,2025-02,208523.29
Zone-1,2025-03,256317.65
Zone-1,2025-01,73114.28
Zone-1,2025-02,225062.27
Zone-1,2025-01,126047.15
Zone-1,2025-03,159874.51
Zone-1,2025-01,297136.8
Zone-1,2025-02,187668.87
Zone-1,2025-02,279788.85
Zone-1,2025-03,182838.18
Zone-1,2025-01,244345.99
Zone-1,2025-01,241259.79
Zone-1,2025-01,268603.3
Zone-1,2025-03,79215.09
Zone-1,2025-01,261119.16
Zone-1,2025-02,87775.01
Zone-1,2025-01,208431.76
Zone-1,2025-01,190420.38
Zone-1,2025-03,167956.25
Zone-1,2025-02,80592.66
Zone-1,2025-01,88925.71
Zone-1,2025-02,260626.39
Zone-1,2025-02,199468.62
Zone-1,2025-02,250891.17
Zone-1,2025-02,50509.02
Zone-1,2025-03,223400.35
Zone-1,2025-01,97915.35
Zone-1,2025-02,233761.67
Zone-1,2025-03,141147.1
Zone-1,2025-01,64535.01
Zone-1,2025-01,267149.53
Zone-1,2025-02,198286.45
Zone-1,2025-02,154363.13
Zone-1,2025-03,228339.13
Zone-1,2025-02,53277.09
Zone-1,2025-03,139043.82
Zone-1,2025-02,171388.27
Zone-1,2025-03,208712.38
Zone-1,2025-02,159655.72
Zone-1,2025-03,222082.6
Zone-1,2025-01,274542.2
Zone-1,2025-03,96493.84
Zone-1,2025-03,173651.91
Zone-1,2025-02,66073.73
Zone-1,2025-01,173396.4
Zone-1,2025-02,284907.59
Zone-1,2025-03,99459.35
Zone-1,2025-01,50052.15
Zone-1,2025-01,182754.42
Zone-1,2025-02,268023.15
Zone-1,2025-01,97770.04
Zone-1,2025-01,133980.09
Zone-1,2025-02,165963.59
Zone-1,2025-02,277081.85
Zone-1,2025-01,204073.88
Zone-1,2025-02,82963.98
Zone-1,2025-03,103653.07
Zone-1,2025-03,240048.78
Zone-1,2025-02,76242.51
Zone-1,2025-02,92066.0
Zone-1,2025-01,276223.89
Zone-1,2025-01,193495.11
Zone-1,2025-02,153120.69
Zone-1,2025-02,226369.5
Zone-1,2025-03,298622.78
Zone-1,2025-03,114279.28
Zone-1,2025-03,272120.39
Zone-1,2025-02,290344.98
Zone-1,2025-01,55035.9
Zone-1,2025-03,261459.11
Zone-1,2025-03,232638.77
Zone-1,2025-02,59401.63
Zone-1,2025-02,141292.24
Zone-1,2025-02,136802.9
Zone-1,2025-03,155223.97
Zone-1,2025-01,172893.8
Zone-1,2025-02,296742.16
Zone-1,2025-02,121129.46
Zone-1,2025-02,68159.92
Zone-1,2025-01,230410.04
Zone-1,2025-02,283961.48
Zone-1,2025-01,203159.48
Zone-1,2025-02,166824.58
Zone-1,2025-02,149178.12
Zone-1,2025-02,160133.94
Zone-1,2025-03,229588.02
Zone-1,2025-01,183602.55
Zone-1,2025-01,298146.62
Zone-1,2025-02,280178.32
Zone-1,2025-01,209215.4
Zone-1,2025-01,146905.89
Zone-1,2025-03,106706.92
Zone-1,2025-01,53055.87
Zone-1,2025-02,105715.75
Zone-1,2025-02,213618.82
Zone-1,2025-02,153380.48
Zone-1,2025-01,175521.58
Zone-1,2025-01,221853.59
Zone-1,2025-01,85487.67
Zone-1,2025-01,165656.53
Zone-1,2025-03,233543.34
Zone-1,2025-02,103690.8
Zone-1,2025-03,60376.01
Zone-1,2025-03,95657.52
Zone-1,2025-03,245492.74
Zone-1,2025-02,100784.72
Zone-1,2025-02,244234.05
Zone-1,2025-02,267768.46
Zone-1,2025-03,233200.98
Zone-1,2025-03,236836.33
Zone-1,2025-01,70790.07
Zone-1,2025-03,287890.8
Zone-1,2025-02,225975.93
Zone-1,2025-01,188577.28
Zone-1,2025-01,89537.24
Zone-1,2025-02,96212.96
Zone-1,2025-01,197797.8
Zone-1,2025-03,174236.78
Zone-1,2025-01,70866.76
Zone-1,2025-03,185401.44
Zone-1,2025-02,182811.33
Zone-1,2025-03,160314.98
Zone-1,2025-01,202186.17
Zone-1,2025-03,188692.94
Zone-1,2025-02,260040.71
Zone-1,2025-02,147343.29
Zone-1,2025-03,140442.91
Zone-1,2025-02,199824.53
Zone-1,2025-03,70172.73
Zone-1,2025-01,166284.1
Zone-1,2025-02,155485.15
Zone-1,2025-03,158282.35
Zone-1,2025-02,196779.61
Zone-1,2025-02,204545.04
Zone-1,2025-02,62603.76
Zone-1,2025-01,126284.09
Zone-1,2025-01,50783.71
Zone-1,2025-02,136011.34
Zone-1,2025-03,135429.74
Zone-1,2025-01,181819.08
Zone-1,2025-01,286750.89
Zone-1,2025-02,149211.55
Zone-1,2025-01,112930.91
Zone-1,2025-01,271137.02
Zone-1,2025-01,161753.55
Zone-1,2025-03,260734.74
Zone-1,2025-01,87644.12
Zone-1,2025-01,143710.58
Zone-1,2025-03,284625.5
Zone-1,2025-01,63515.9
Zone-1,2025-02,98072.36
Zone-1,2025-02,201117.6
Zone-1,2025-03,81693.41
Zone-1,2025-01,178794.9
Zone-1,2025-03,227042.32
Zone-1,2025-02,143654.7
Zone-1,2025-01,251737.75
Zone-1,2025-03,176832.81
Zone-1,2025-02,158121.73
Zone-1,2025-03,293036.34
Zone-1,2025-01,76021.49
Zone-1,2025-01,266849.95
Zone-1,2025-01,132973.19
Zone-1,2025-01,155150.21
Zone-1,2025-02,131025.28
Zone-1,2025-02,286613.52
Zone-1,2025-01,80124.36
Zone-1,2025-03,157313.61
Zone-1,2025-02,242970.5
Zone-1,2025-01,281276.62
Zone-1,2025-01,76780.38
Zone-1,2025-03,90524.78
Zone-1,2025-01,76601.75
Zone-1,2025-03,279899.51
Zone-1,2025-02,131204.4
Zone-1,2025-03,93596.51
Zone-1,2025-02,299379.97
Zone-1,2025-01,108150.87
Zone-1,2025-02,155635.72
Zone-1,2025-02,277539.87
Zone-1,2025-02,173292.85
Zone-1,2025-02,282679.37
Zone-1,2025-02,205050.62
Zone-1,2025-02,231385.51
Zone-1,2025-02,124431.44
Zone-1,2025-03,132774.49
Zone-1,2025-01,249086.33
Zone-1,2025-02,142346.88
Zone-1,2025-03,276229.75
Zone-1,2025-02,62630.08
Zone-1,2025-02,111583.42
Zone-1,2025-02,274400.51
Zone-1,2025-02,184578.14
Zone-1,2025-02,267481.77
Zone-1,2025-02,74551.5
Zone-1,2025-01,216483.54
Zone-1,2025-02,78329.65
Zone-1,2025-01,240113.64
Zone-1,2025-02,227251.28
Zone-1,2025-01,111846.51
Zone-1,2025-01,79929.79
Zone-1,2025-01,81447.89
Zone-1,2025-03,75497.06
Zone-1,2025-02,193032.19
Zone-1,2025-03,254082.29
Zone-1,2025-01,290823.76
Zone-1,2025-01,283229.19
Zone-1,2025-01,102100.74
Zone-1,2025-03,170835.24
Zone-1,2025-03,220855.92
Zone-1,2025-03,215153.07
Zone-1,2025-01,144869.1
Zone-1,2025-03,202378.31
Zone-1,2025-02,92353.24
Zone-1,2025-01,51473.24
Zone-1,2025-01,278169.22
Zone-1,2025-03,143051.88
Zone-1,2025-02,283919.12
Zone-1,2025-01,241155.37
Zone-1,2025-01,293755.28
Zone-1,2025-03,221501.47
Zone-1,2025-01,87746.44
Zone-1,2025-03,78040.14
Zone-1,2025-03,240265.2
Zone-1,2025-03,79461.01
Zone-1,2025-01,141525.46
Zone-1,2025-03,155803.77
Zone-1,2025-02,192670.63
Zone-1,2025-01,52237.75
Zone-1,2025-03,65543.61
Zone-1,2025-02,219677.08
Zone-1,2025-03,82912.25
Zone-1,2025-02,212322.0
Zone-1,2025-02,209695.3
Zone-1,2025-03,252539.71
Zone-1,2025-02,257351.36
Zone-1,2025-01,283516.07
Zone-1,2025-01,58973.12
Zone-1,2025-02,94702.27
Zone-1,2025-01,291202.61
Zone-1,2025-01,237816.13
Zone-1,2025-01,225226.46
Zone-1,2025-02,236761.78
Zone-1,2025-01,261214.13
Zone-1,2025-03,273125.32
Zone-1,2025-01,244470.46
Zone-1,2025-01,259535.57
Zone-1,2025-01,247143.65
Zone-1,2025-01,250231.67
Zone-1,2025-03,295653.04
Zone-1,2025-01,296539.12
Zone-1,2025-02,127902.17
Zone-1,2025-02,173712.83
Zone-1,2025-02,119240.57
Zone-1,2025-02,242036.09
Zone-1,2025-01,167799.27
Zone-1,2025-02,152245.5
Zone-1,2025-03,224425.76
Zone-1,2025-01,265996.84
Zone-1,2025-03,155954.14
Zone-1,2025-01,62038.51
Zone-1,2025-03,54049.35
Zone-1,2025-03,271451.17
Zone-1,2025-03,170207.65
Zone-1,2025-03,133109.52
Zone-1,2025-03,215920.46
Zone-1,2025-02,213885.16
Zone-1,2025-01,222409.21
Zone-1,2025-02,159845.97
Zone-1,2025-03,250489.37
Zone-1,2025-01,207383.05
Zone-1,2025-01,229590.71
Zone-1,2025-02,275062.21
Zone-1,2025-03,143811.29
Zone-1,2025-02,116670.99
Zone-1,2025-03,245600.13
Zone-1,2025-03,224423.7
Zone-1,2025-02,97212.62
Zone-1,2025-01,226484.3
Zone-1,2025-03,93779.55
Zone-1,2025-03,86693.36
Zone-1,2025-01,76544.25
Zone-1,2025-03,100495.27
Zone-1,2025-02,136726.7
Zone-1,2025-01,128525.2
Zone-1,2025-02,203991.01
Zone-1,2025-01,293843.68
Zone-1,2025-03,292262.26
Zone-1,2025-03,277719.37
Zone-1,2025-03,133530.83
Zone-1,2025-02,267649.91
Zone-1,2025-01,120333.16
Zone-1,2025-02,104575.6
Zone-1,2025-02,286356.27
Zone-1,2025-01,55064.79
Zone-1,2025-02,139442.06
Zone-1,2025-02,60470.4
Zone-1,2025-03,134362.97
Zone-1,2025-03,126675.52
Zone-1,2025-01,72956.08
Zone-1,2025-03,73663.32
Zone-1,2025-01,241110.95
Zone-1,2025-02,148545.8
Zone-1,2025-02,149294.82
Zone-1,2025-02,293587.79
Zone-1,2025-03,105450.73
Zone-1,2025-01,291412.35
Zone-1,2025-03,217587.42
Zone-1,2025-01,162722.28
Zone-1,2025-02,289122.22
Zone-1,2025-02,253576.94
Zone-1,2025-03,147900.8
Zone-1,2025-03,114637.55
Zone-1,2025-01,191695.37
Zone-1,2025-03,50717.62
Zone-1,2025-03,175993.4
Zone-1,2025-03,183918.17
Zone-1,2025-02,231873.19
Zone-1,2025-03,243793.02
Zone-1,2025-01,291567.85
Zone-1,2025-02,135037.65
Zone-1,2025-02,128496.5
Zone-1,2025-03,175707.12
Zone-1,2025-03,215228.38
Zone-1,2025-01,92581.34
Zone-1,2025-02,153220.61
Zone-1,2025-02,174262.49
Zone-1,2025-03,59753.53
Zone-1,2025-02,256778.78
Zone-1,2025-01,111657.66
Zone-1,2025-01,223001.91
Zone-1,2025-02,220762.4
Zone-1,2025-01,96754.32
Zone-1,2025-03,231487.95
Zone-1,2025-02,146974.46
Zone-1,2025-01,95588.25
Zone-1,2025-01,88614.18
Zone-1,2025-03,274493.72
Zone-1,2025-01,66231.87
Zone-1,2025-02,188383.57
Zone-1,2025-01,167342.68
Zone-1,2025-01,273385.01
Zone-1,2025-01,286719.86
Zone-1,2025-03,102303.81
Zone-1,2025-01,195010.06
Zone-1,2025-02,243605.92
Zone-1,2025-03,186009.86
Zone-1,2025-01,134986.6
Zone-1,2025-03,80719.89
Zone-1,2025-03,154050.06
Zone-1,2025-02,236656.71
Zone-1,2025-03,196587.38
Zone-1,2025-02,270654.8
Zone-1,2025-02,153874.22
Zone-1,2025-01,148253.45
Zone-1,2025-02,290123.41
Zone-1,2025-02,288229.23
Zone-1,2025-02,269915.61
Zone-1,2025-03,163650.45
Zone-1,2025-01,205385.08
Zone-1,2025-01,180608.68
Zone-1,2025-03,60956.62
Zone-1,2025-03,150798.75
Zone-1,2025-02,185757.35
Zone-1,2025-01,91954.11
Zone-1,2025-03,282110.11
Zone-1,2025-03,80628.56
Zone-1,2025-01,64683.33
Zone-1,2025-03,231180.7
Zone-1,2025-02,155200.62
Zone-1,2025-01,214602.72
Zone-1,2025-03,60089.41
Zone-1,2025-01,254051.29
Zone-1,2025-02,217178.32
Zone-1,2025-03,257900.59
Zone-1,2025-03,296691.9
Zone-1,2025-03,152078.69
Zone-1,2025-02,267552.92
Zone-1,2025-03,122988.15
Zone-1,2025-03,291466.45
Zone-1,2025-02,204527.34
Zone-1,2025-02,90755.12
Zone-1,2025-02,230578.4
Zone-1,2025-02,204500.48
Zone-1,2025-01,188124.26
Zone-1,2025-03,68222.78
Zone-1,2025-03,150869.7
Zone-1,2025-02,129824.84
Zone-1,2025-02,199673.18
Zone-1,2025-03,179521.32
Zone-1,2025-03,182550.82
Zone-1,2025-01,242096.44
Zone-1,2025-03,99380.51
Zone-1,2025-03,191827.67
Zone-1,2025-02,204697.41
Zone-1,2025-01,177648.17
Zone-1,2025-03,170359.92
Zone-1,2025-02,151066.97
Zone-1,2025-02,165809.02
Zone-1,2025-01,209512.26
Zone-1,2025-03,243207.28
Zone-1,2025-02,112884.9
Zone-1,2025-01,88579.71
Zone-1,2025-02,56232.34
Zone-1,2025-02,215273.46
Zone-1,2025-01,140772.81
Zone-1,2025-03,117967.27
Zone-1,2025-01,284796.26
Zone-1,2025-02,213216.71
Zone-1,2025-02,231204.25
Zone-1,2025-03,193976.56
Zone-1,2025-03,116162.13
Zone-1,2025-03,179511.75
Zone-1,2025-01,160679.16
Zone-1,2025-03,99711.86
Zone-1,2025-02,93450.28
Zone-1,2025-01,94745.92
Zone-1,2025-03,276251.18
Zone-1,2025-01,194381.49
Zone-1,2025-01,76199.28
Zone-1,2025-02,163103.08
Zone-1,2025-03,127543.64
Zone-1,2025-01,220709.99
Zone-1,2025-03,138061.5
Zone-1,2025-02,108122.31
Zone-1,2025-02,286470.76
Zone-1,2025-01,98692.5
Zone-1,2025-02,152801.48
Zone-1,2025-03,259422.26
Zone-1,2025-01,133476.86
Zone-1,2025-03,231370.36
Zone-1,2025-03,115053.88
Zone-1,2025-02,230945.22
Zone-1,2025-03,258576.2
Zone-1,2025-01,207539.75
Zone-1,2025-01,99919.01
Zone-1,2025-03,274457.15
Zone-1,2025-02,204589.03
Zone-1,2025-01,138260.54
Zone-1,2025-01,142900.99
Zone-1,2025-01,279834.37
Zone-1,2025-03,79963.93
Zone-1,2025-01,216030.81
Zone-1,2025-02,147638.89
Zone-1,2025-03,95630.84
Zone-1,2025-01,105706.56
Zone-1,2025-03,274830.79
Zone-1,2025-01,129859.65
Zone-1,2025-03,213061.11
Zone-1,2025-03,68117.87
Zone-1,2025-01,188090.34
Zone-1,2025-03,117297.45
Zone-1,2025-02,67153.96
Zone-1,2025-02,159895.47
Zone-1,2025-02,208555.64
Zone-1,2025-03,95261.43
Zone-1,2025-02,258588.65
Zone-1,2025-03,103235.01
Zone-1,2025-03,243318.18
Zone-1,2025-03,123382.96
Zone-1,2025-02,158439.58
Zone-1,2025-03,98343.59
Zone-1,2025-03,254191.42
Zone-1,2025-01,271486.58
Zone-1,2025-03,193008.56
Zone-1,2025-01,192178.08
Zone-1,2025-03,173982.71
Zone-1,2025-03,70705.14
Zone-1,2025-03,177401.26
Zone-1,2025-02,271519.99
Zone-1,2025-03,195539.87
Zone-1,2025-03,268865.66
Zone-1,2025-01,61472.73
Zone-1,2025-03,262471.07
Zone-1,2025-03,91250.92
Zone-1,2025-02,72378.13
Zone-1,2025-02,60596.89
Zone-1,2025-01,257701.38
Zone-1,2025-02,299014.52
Zone-1,2025-03,63553.51
Zone-1,2025-03,124551.93
Zone-1,2025-03,273396.26
Zone-1,2025-02,99766.31
Zone-1,2025-01,287603.89
Zone-1,2025-02,88328.19
Zone-1,2025-02,274405.54
Zone-1,2025-02,247491.98
Zone-1,2025-03,136583.62
Zone-1,2025-01,240138.75
Zone-1,2025-01,291923.34
Zone-1,2025-01,284545.56
Zone-1,2025-01,249691.91
Zone-1,2025-02,142901.95
Zone-1,2025-02,153098.28
Zone-1,2025-01,93217.27
Zone-1,2025-02,132326.45
Zone-1,2025-03,128983.04
Zone-1,2025-01,247672.12
Zone-1,2025-02,273013.69
Zone-1,2025-01,89495.52
Zone-1,2025-01,59599.53
Zone-1,2025-02,54922.57
Zone-1,2025-03,258310.88
Zone-1,2025-01,142027.86
Zone-1,2025-03,263404.23
Zone-1,2025-02,78545.08
Zone-1,2025-01,99595.94
Zone-1,2025-01,69680.38
Zone-1,2025-02,160918.82
Zone-1,2025-03,172340.22
Zone-1,2025-01,180827.29
Zone-1,2025-03,226851.4
Zone-1,2025-03,70408.25
Zone-1,2025-02,80326.3
Zone-1,2025-01,123174.12
Zone-1,2025-01,72810.89
Zone-1,2025-02,193920.99
Zone-1,2025-01,215649.73
Zone-1,2025-01,236400.17
Zone-1,2025-03,91123.71
Zone-1,2025-01,97854.57
Zone-1,2025-03,275196.88
Zone-1,2025-03,96165.37
Zone-1,2025-01,191002.16
Zone-1,2025-01,167253.54
Zone-1,2025-02,71723.09
Zone-1,2025-01,237843.07
Zone-1,2025-02,119437.29
Zone-1,2025-03,162545.95
Zone-1,2025-02,108216.77
Zone-1,2025-02,232368.71
Zone-1,2025-02,298695.36
Zone-1,2025-02,73844.34
Zone-1,2025-03,211289.92
Zone-1,2025-03,219433.53
Zone-1,2025-01,136584.03
Zone-1,2025-02,115558.54
Zone-1,2025-02,214298.35
Zone-1,2025-03,243986.76
Zone-1,2025-02,282603.02
Zone-1,2025-02,288420.72
Zone-1,2025-02,185123.87
Zone-1,2025-02,79945.86
Zone-1,2025-03,103109.25
Zone-1,2025-03,215278.0
Zone-1,2025-03,258599.42
Zone-1,2025-02,267842.27
Zone-1,2025-03,101818.74
Zone-1,2025-01,159248.25
Zone-1,2025-03,55087.49
Zone-1,2025-03,189271.87
Zone-1,2025-03,163984.21
Zone-1,2025-02,66745.52
Zone-1,2025-02,195190.78
Zone-1,2025-01,199679.11
Zone-1,2025-02,266618.23
Zone-1,2025-01,240453.63
Zone-1,2025-03,210121.79
Zone-1,2025-02,256537.42
Zone-1,2025-03,50844.39
Zone-1,2025-01,294421.75
Zone-1,2025-01,182071.9
Zone-1,2025-03,296037.6
Zone-1,2025-01,235403.01
Zone-1,2025-02,133473.31
Zone-1,2025-02,77123.68
Zone-1,2025-02,241390.35
Zone-1,2025-02,202395.46
Zone-1,2025-02,292217.38
Zone-1,2025-01,71356.15
Zone-1,2025-01,287900.88
Zone-1,2025-02,136360.01
Zone-1,2025-03,135248.48
Zone-1,2025-02,153285.88
Zone-1,2025-01,205919.51
Zone-1,2025-01,204307.29
Zone-1,2025-01,188479.37
Zone-1,2025-02,117047.66
Zone-1,2025-02,186164.69
Zone-1,2025-02,168235.72
Zone-1,2025-01,298724.98
Zone-1,2025-03,198034.64
Zone-1,2025-02,225232.2
Zone-1,2025-03,146013.73
Zone-1,2025-03,56995.18
Zone-1,2025-03,61919.74
Zone-1,2025-01,138899.51
Zone-1,2025-03,129549.21
Zone-1,2025-01,183461.57
Zone-1,2025-01,222550.69
Zone-1,2025-01,227838.91
Zone-1,2025-03,114951.75
Zone-1,2025-03,73647.42
Zone-1,2025-02,50404.43
Zone-1,2025-03,91146.33
Zone-1,2025-01,259822.57
Zone-1,2025-02,214578.58
Zone-1,2025-03,111502.54
Zone-1,2025-02,114793.66
Zone-1,2025-02,207001.44
Zone-1,2025-01,174222.55
Zone-1,2025-01,240545.16
Zone-1,2025-03,53509.94
Zone-1,2025-01,138766.99
Zone-1,2025-01,180032.51
Zone-1,2025-02,160339.75
Zone-1,2025-02,134665.88
Zone-1,2025-02,64078.84
Zone-1,2025-03,241476.48
Zone-1,2025-03,180442.11
Zone-1,2025-03,127233.64
Zone-1,2025-01,63428.01
Zone-1,2025-02,130913.49
Zone-1,2025-02,152155.47
Zone-1,2025-01,278302.32
Zone-1,2025-02,148742.09
Zone-1,2025-03,158894.53
Zone-1,2025-01,285197.28
Zone-1,2025-03,69136.58
Zone-1,2025-03,84546.16
Zone-1,2025-03,274251.74
Zone-1,2025-02,89185.76
Zone-1,2025-01,264219.91
Zone-1,2025-02,168697.31
Zone-1,2025-01,287416.44
Zone-1,2025-03,70504.56
Zone-1,2025-03,76563.34
Zone-1,2025-02,75024.47
Zone-1,2025-02,138315.24
Zone-1,2025-02,158335.24
Zone-1,2025-03,243268.48
Zone-1,2025-02,154761.07
Zone-1,2025-01,142597.64
Zone-1,2025-03,247430.23
Zone-1,2025-01,294947.54
Zone-1,2025-03,63033.1
Zone-1,2025-03,166292.24
Zone-1,2025-01,230487.46
Zone-1,2025-01,170146.89
Zone-1,2025-02,71054.16
Zone-1,2025-01,62008.5
Zone-1,2025-01,139608.57
Zone-1,2025-03,225209.58
Zone-1,2025-03,118594.34
Zone-1,2025-01,118889.07
Zone-1,2025-03,149185.04
Zone-1,2025-01,125296.22
Zone-1,2025-03,180597.97
Zone-1,2025-03,217594.02
Zone-1,2025-01,145753.94
Zone-1,2025-03,190210.04
Zone-1,2025-02,171344.6
Zone-1,2025-01,197987.26
Zone-1,2025-02,98419.85
Zone-1,2025-03,175203.92
Zone-1,2025-03,251755.92
Zone-1,2025-03,271211.09
Zone-1,2025-01,200348.66
Zone-1,2025-01,50347.68
Zone-1,2025-01,128088.76
Zone-1,2025-02,123699.38
Zone-1,2025-03,132060.88
Zone-1,2025-03,78891.13
Zone-1,2025-03,188021.68
Zone-1,2025-03,121408.05
Zone-1,2025-01,88700.57
Zone-1,2025-01,272161.26
Zone-1,2025-01,183917.01
Zone-1,2025-03,201307.31
Zone-1,2025-01,72240.78
Zone-1,2025-03,98311.6
Zone-1,2025-01,189353.23
Zone-1,2025-02,89059.5
Zone-1,2025-02,58486.02
Zone-1,2025-02,236709.03
Zone-1,2025-03,155437.5
Zone-1,2025-01,133566.43
Zone-1,2025-02,149482.71
Zone-1,2025-03,175563.61
Zone-1,2025-01,168759.96
Zone-1,2025-03,167270.04
Zone-1,2025-02,107741.17
Zone-1,2025-01,264360.85
Zone-1,2025-02,245903.26
Zone-1,2025-01,79124.8
Zone-1,2025-02,152253.36
Zone-1,2025-01,188135.24
Zone-1,2025-02,191977.43
Zone-1,2025-02,139960.7
Zone-1,2025-02,253163.01
Zone-1,2025-03,177913.94
Zone-1,2025-03,103805.09
Zone-1,2025-03,190282.7
Zone-1,2025-03,187386.67
Zone-1,2025-02,273232.1
Zone-1,2025-02,249279.04
Zone-1,2025-02,88777.22
Zone-1,2025-01,158555.79
Zone-1,2025-02,126990.57
Zone-1,2025-01,107403.22
Zone-1,2025-03,263699.76
Zone-1,2025-01,74236.11
Zone-1,2025-02,177258.88
Zone-1,2025-02,294154.92
Zone-1,2025-02,256465.17
Zone-1,2025-03,224152.63
Zone-1,2025-03,92218.3
Zone-1,2025-03,267692.44
Zone-1,2025-01,75645.81
Zone-1,2025-03,109477.4
Zone-1,2025-03,265590.33
Zone-1,2025-01,172991.14
Zone-1,2025-01,183724.51
Zone-1,2025-02,147025.85
Zone-1,2025-02,278268.94
Zone-1,2025-02,278941.64
Zone-1,2025-03,165767.81
Zone-1,2025-01,58828.87
Zone-1,2025-01,172123.8
Zone-1,2025-03,278407.73
Zone-1,2025-01,221663.12
Zone-1,2025-01,110667.42
Zone-1,2025-01,225125.04
Zone-1,2025-03,222357.41
Zone-1,2025-01,57213.67
Zone-1,2025-01,79297.19
Zone-1,2025-02,183580.45
Zone-1,2025-01,136004.11
Zone-1,2025-02,144433.98
Zone-1,2025-01,87030.5
Zone-1,2025-03,51376.85
Zone-1,2025-01,229610.05
Zone-1,2025-03,206154.77
Zone-1,2025-01,180669.6
Zone-1,2025-01,63314.12
Zone-1,2025-03,178822.71
Zone-1,2025-01,217128.24
Zone-1,2025-02,191901.2
Zone-1,2025-01,78397.56
Zone-1,2025-01,257430.89
Zone-1,2025-03,111480.28
Zone-1,2025-02,106297.93
Zone-1,2025-03,70354.34
Zone-1,2025-01,88982.77
Zone-1,2025-03,299722.92
Zone-1,2025-02,163218.22
Zone-1,2025-03,292271.71
Zone-1,2025-02,81214.44
Zone-1,2025-03,220896.22
Zone-1,2025-03,217239.6
Zone-1,2025-03,226078.51
Zone-1,2025-03,162807.59
Zone-1,2025-01,93925.44
Zone-1,2025-01,253992.49
Zone-1,2025-02,119027.88
Zone-1,2025-01,217611.53
Zone-1,2025-02,66270.34
Zone-1,2025-01,272169.79
Zone-1,2025-02,295155.24
Zone-1,2025-01,213049.12
Zone-1,2025-02,205754.67
Zone-1,2025-03,160990.15
Zone-1,2025-03,114810.07
Zone-1,2025-03,175452.08
Zone-1,2025-03,57200.54
Zone-1,2025-03,64377.36
Zone-1,2025-01,145626.43
Zone-1,2025-03,55579.35
Zone-1,2025-03,231883.29
Zone-1,2025-02,203298.49
Zone-1,2025-02,200717.77
Zone-1,2025-03,78490.69
Zone-1,2025-03,70723.86
Zone-1,2025-02,257372.44
Zone-1,2025-02,203525.34
Zone-1,2025-03,298550.34
Zone-1,2025-03,284970.96
Zone-1,2025-03,146505.26
Zone-1,2025-02,252330.43
Zone-1,2025-01,97283.97
Zone-1,2025-01,284786.64
Zone-1,2025-03,174222.99
Zone-1,2025-02,270320.04
Zone-1,2025-02,154686.65
Zone-1,2025-01,228708.21
Zone-1,2025-01,110462.19
Zone-1,2025-03,280199.73
Zone-1,2025-03,106552.24
Zone-1,2025-01,60220.55
Zone-1,2025-03,287081.52
Zone-1,2025-03,281378.2
Zone-1,2025-01,225655.16
Zone-1,2025-02,281660.29
Zone-1,2025-01,131984.31
Zone-1,2025-02,55263.89
Zone-1,2025-03,139750.0
Zone-1,2025-02,227612.8
Zone-1,2025-02,120052.85
Zone-1,2025-01,243413.19
Zone-1,2025-02,200797.27
Zone-1,2025-01,137144.83
Zone-1,2025-03,122840.84
Zone-1,2025-03,51617.5
Zone-1,2025-02,184976.65
Zone-1,2025-03,282208.91
Zone-1,2025-01,191586.1
Zone-1,2025-03,102085.14
Zone-1,2025-03,98980.23
Zone-1,2025-01,104855.02
Zone-1,2025-02,270929.18
Zone-1,2025-03,230699.72
Zone-1,2025-03,85723.17
Zone-1,2025-02,219917.89
Zone-1,2025-01,232331.94
Zone-1,2025-02,188869.21
Zone-1,2025-01,293929.18
Zone-1,2025-03,52653.81
Zone-1,2025-01,243334.47
Zone-1,2025-03,95417.15
Zone-1,2025-03,289031.65
Zone-1,2025-02,281805.34
Zone-1,2025-01,141757.04
Zone-1,2025-03,59856.71
Zone-1,2025-02,125239.28
Zone-1,2025-03,87950.46
Zone-1,2025-02,260653.72
Zone-1,2025-01,237998.68
Zone-1,2025-01,260374.42
Zone-1,2025-03,291616.85
Zone-1,2025-03,248591.54
Zone-1,2025-03,148434.62
Zone-1,2025-01,209784.09
Zone-1,2025-03,208130.39
Zone-1,2025-03,139592.31
Zone-1,2025-03,165031.0
Zone-1,2025-03,258113.36
Zone-1,2025-01,231992.38
Zone-1,2025-01,252242.75
Zone-1,2025-01,159548.6
Zone-1,2025-01,118701.11
Zone-1,2025-02,211612.97
Zone-1,2025-03,174316.96
Zone-1,2025-02,264688.03
Zone-1,2025-03,266381.91
Zone-1,2025-03,79261.44
Zone-1,2025-02,136941.46
Zone-1,2025-02,187812.0
Zone-1,2025-02,215845.43
Zone-1,2025-01,178524.83
Zone-1,2025-02,203112.44
Zone-1,2025-02,248487.19
Zone-1,2025-03,217879.63
Zone-1,2025-02,53628.9
Zone-1,2025-01,211460.73
Zone-1,2025-03,133520.56
Zone-1,2025-01,132197.82
Zone-1,2025-03,299752.18
Zone-1,2025-03,248316.05
Zone-1,2025-03,165066.76
Zone-1,2025-02,101969.04
Zone-1,2025-02,192320.51
Zone-1,2025-01,265963.58
Zone-1,2025-03,188097.19
Zone-1,2025-02,101866.46
Zone-1,2025-01,196826.81
Zone-1,2025-02,261157.35
Zone-1,2025-03,229371.44
Zone-1,2025-03,280708.73
Zone-1,2025-03,252801.28
Zone-1,2025-03,260576.99
Zone-1,2025-02,247047.15
Zone-1,2025-02,164766.02
Zone-1,2025-02,189022.64
Zone-1,2025-02,53500.24
Zone-1,2025-02,182671.77
Zone-1,2025-01,164566.97
Zone-1,2025-02,194313.63
Zone-1,2025-01,273788.24
Zone-1,2025-02,137838.5
Zone-1,2025-01,235223.16
Zone-1,2025-02,82106.57
Zone-1,2025-01,248776.17
Zone-1,2025-02,259819.05
Zone-1,2025-02,240568.15
Zone-1,2025-02,286346.49
Zone-1,2025-01,249931.61
Zone-1,2025-01,269065.88
Zone-1,2025-03,59225.43
Zone-1,2025-03,242000.94
Zone-1,2025-01,282821.3
Zone-1,2025-03,91033.29
Zone-1,2025-02,86197.62
Zone-1,2025-01,196030.31
Zone-1,2025-01,163093.53
Zone-1,2025-03,115221.17
Zone-1,2025-01,154129.88
Zone-1,2025-01,206959.52
Zone-1,2025-02,230299.38
Zone-1,2025-02,266153.6
Zone-1,2025-01,123930.29
Zone-1,2025-01,247936.13
Zone-1,2025-02,203475.59
Zone-1,2025-01,75518.23
Zone-1,2025-02,188641.09
Zone-1,2025-02,146547.4
Zone-1,2025-01,64143.44
Zone-1,2025-01,230124.04
Zone-1,2025-01,136169.45
Zone-1,2025-03,128358.28
Zone-1,2025-03,58166.65
Zone-1,2025-01,255628.39
Zone-1,2025-02,230199.1
Zone-1,2025-01,103890.62
Zone-1,2025-03,252241.52
Zone-1,2025-01,64964.84
Zone-1,2025-01,218950.99
Zone-1,2025-01,214703.36
Zone-1,2025-01,151516.89
Zone-1,2025-01,84757.07
Zone-1,2025-03,209496.29
Zone-1,2025-03,115508.76
Zone-1,2025-01,281987.57
Zone-1,2025-01,189927.44
Zone-1,2025-02,240006.27
Zone-1,2025-03,115783.63
Zone-1,2025-03,215533.59
Zone-1,2025-01,141994.61
Zone-1,2025-01,155120.49
Zone-1,2025-03,196916.0
Zone-1,2025-02,140519.66
Zone-1,2025-02,142245.19
Zone-1,2025-02,91287.4
Zone-1,2025-02,242405.2
Zone-1,2025-01,268800.16
Zone-1,2025-02,177204.09
Zone-1,2025-01,53968.02
Zone-1,2025-02,236663.43
Zone-1,2025-02,128055.73
Zone-1,2025-01,236027.76
Zone-1,2025-02,245448.73
Zone-1,2025-01,271222.69
Zone-1,2025-01,63909.64
Zone-1,2025-02,135749.55
Zone-1,2025-02,240331.19
Zone-1,2025-02,182633.65
Zone-1,2025-02,165197.48
Zone-1,2025-01,56992.85
Zone-1,2025-01,157624.06
Zone-1,2025-03,137435.28
Zone-1,2025-02,292643.6
Zone-1,2025-03,146181.79
Zone-1,2025-02,284402.1
Zone-1,2025-03,209351.93
Zone-1,2025-01,119146.73
Zone-1,2025-02,208389.49
Zone-1,2025-02,162598.84
Zone-1,2025-03,113471.75
Zone-1,2025-02,79715.2
Zone-1,2025-01,178896.12
Zone-1,2025-01,168020.92
Zone-1,2025-02,267198.94
Zone-1,2025-01,264129.9
Zone-1,2025-03,87891.29
Zone-1,2025-03,294475.8
Zone-1,2025-02,134679.27
Zone-1,2025-01,264849.23
Zone-1,2025-03,223415.42
Zone-1,2025-03,167617.93
Zone-1,2025-01,229712.17
Zone-1,2025-01,171382.98
Zone-1,2025-02,55901.87
Zone-1,2025-02,276084.75
Zone-1,2025-01,201868.05
Zone-1,2025-03,212714.83
Zone-1,2025-02,232325.72
Zone-1,2025-01,170895.55
Zone-1,2025-03,178928.21
Zone-1,2025-01,252195.39
Zone-1,2025-01,171338.59
Zone-1,2025-03,164241.72
Zone-1,2025-02,280963.21
Zone-1,2025-03,211826.11
Zone-1,2025-01,245347.17
Zone-1,2025-03,157052.4
Zone-1,2025-02,160898.1
Zone-1,2025-03,279469.74
Zone-1,2025-01,167180.06
Zone-1,2025-03,220800.97
Zone-1,2025-02,94955.11
Zone-1,2025-02,254928.39
Zone-1,2025-01,265747.18
Zone-1,2025-02,192586.37
Zone-1,2025-02,55071.87
Zone-1,2025-02,135447.75
Zone-1,2025-01,151257.84
Zone-1,2025-02,144627.54
Zone-1,2025-01,204235.45
Zone-1,2025-03,131305.0
Zone-1,2025-03,54451.07
Zone-1,2025-01,91336.98
Zone-1,2025-03,87081.14
Zone-1,2025-03,124407.77
Zone-1,2025-03,286586.72
Zone-1,2025-03,70353.61
Zone-1,2025-03,193692.35
Zone-1,2025-02,88375.65
Zone-1,2025-02,257927.85
Zone-1,2025-01,90971.1
Zone-1,2025-03,183407.03
Zone-1,2025-03,207133.53
Zone-1,2025-02,247367.63
Zone-1,2025-02,231792.08
Zone-1,2025-03,157465.92
Zone-1,2025-03,123583.79
Zone-1,2025-02,244807.15
Zone-1,2025-02,153770.81
Zone-1,2025-02,194292.5
Zone-1,2025-02,232639.39
Zone-1,2025-03,289722.23
Zone-1,2025-01,98676.9
Zone-1,2025-01,193939.37
Zone-1,2025-02,180849.45
Zone-1,2025-03,133922.24
Zone-1,2025-01,176225.46
Zone-1,2025-03,220088.46
Zone-1,2025-01,289364.7
Zone-1,2025-01,165190.01
Zone-1,2025-02,163497.63
Zone-1,2025-03,116182.0
Zone-1,2025-01,96722.86
Zone-1,2025-01,214829.27
Zone-1,2025-02,75876.16
Zone-1,2025-01,123114.06
Zone-1,2025-03,217903.2
Zone-1,2025-03,252609.66
Zone-1,2025-03,257143.67
Zone-1,2025-02,122243.89
Zone-1,2025-02,292999.61
Zone-1,2025-01,296054.34
Zone-1,2025-01,273972.46
Zone-1,2025-01,180001.85
Zone-1,2025-01,216501.06
Zone-1,2025-02,74456.33
Zone-1,2025-01,109051.25
Zone-1,2025-03,284830.3
Zone-1,2025-01,118053.76
Zone-1,2025-03,129861.25
Zone-1,2025-02,262189.22
Zone-1,2025-01,255526.19
Zone-1,2025-03,126443.25
Zone-1,2025-03,140771.56
Zone-1,2025-01,120591.41
Zone-1,2025-02,222805.7
Zone-1,2025-02,158289.21
Zone-1,2025-02,211995.82
Zone-1,2025-01,236083.01
Zone-1,2025-03,163809.85
Zone-1,2025-02,169305.63
Zone-1,2025-01,217787.6
Zone-1,2025-01,287502.83
Zone-1,2025-03,297526.35
Zone-1,2025-01,180526.14
Zone-1,2025-02,119777.78
Zone-1,2025-01,244534.57
Zone-1,2025-03,294728.32
Zone-1,2025-03,125481.24
Zone-1,2025-02,52741.15
Zone-1,2025-01,279329.78
Zone-1,2025-02,166361.48
Zone-1,2025-01,128006.04
Zone-1,2025-01,193939.34
Zone-1,2025-02,154885.05
Zone-1,2025-02,231032.32
Zone-1,2025-02,268611.52
Zone-1,2025-01,149897.97
Zone-1,2025-01,99904.13
Zone-1,2025-01,96700.38
Zone-1,2025-01,96892.38
Zone-1,2025-03,143886.49
Zone-1,2025-02,120929.02
Zone-1,2025-03,68564.62
Zone-1,2025-03,295318.77
Zone-1,2025-03,251897.27
Zone-1,2025-01,51916.31
Zone-1,2025-03,165476.93
Zone-1,2025-03,155998.64
Zone-1,2025-03,190373.05
Zone-1,2025-01,136342.56
Zone-1,2025-02,287758.13
Zone-1,2025-01,202446.02
Zone-1,2025-01,135536.23
Zone-1,2025-01,291942.49
Zone-1,2025-02,204937.5
Zone-1,2025-02,218568.59
Zone-1,2025-02,247936.59
Zone-1,2025-01,174761.32
Zone-1,2025-03,72462.9
Zone-1,2025-01,126611.11
Zone-1,2025-02,274907.31
Zone-1,2025-03,68974.02
Zone-1,2025-01,235701.39
Zone-1,2025-03,183272.89
Zone-1,2025-03,164724.08
Zone-1,2025-03,284228.7
Zone-1,2025-01,123519.4
Zone-1,2025-03,54882.49
Zone-1,2025-03,63894.38
Zone-1,2025-02,99053.06
Zone-1,2025-01,54534.59
Zone-1,2025-02,74570.27
Zone-1,2025-02,179414.0
Zone-1,2025-03,288672.06
Zone-1,2025-01,272390.81
Zone-1,2025-03,291592.99
Zone-1,2025-02,289436.51
Zone-1,2025-02,188217.15
Zone-1,2025-01,94760.52
Zone-1,2025-02,107558.91
Zone-1,2025-03,179579.79
Zone-1,2025-01,250146.96
Zone-1,2025-03,156886.42
Zone-1,2025-01,232748.3
Zone-1,2025-01,191003.79
Zone-1,2025-03,237402.53
Zone-1,2025-01,187109.43
Zone-1,2025-03,188872.49
Zone-1,2025-02,264922.62
Zone-1,2025-02,170886.84
Zone-1,2025-01,178127.2
Zone-1,2025-01,162832.92
Zone-1,2025-03,136643.64
Zone-1,2025-02,168763.53
Zone-1,2025-03,154865.98
Zone-1,2025-03,67503.33
Zone-1,2025-01,147879.95
Zone-1,2025-02,134927.81
Zone-1,2025-01,89905.16
Zone-1,2025-03,60428.7
Zone-1,2025-01,103325.0
Zone-1,2025-02,152870.13
Zone-1,2025-01,141823.99
Zone-1,2025-03,126949.15
Zone-1,2025-03,261659.26
Zone-1,2025-01,226528.23
Zone-1,2025-02,145983.64
Zone-1,2025-02,137388.92
Zone-1,2025-03,245342.26
Zone-1,2025-01,170472.88
Zone-1,2025-01,268054.98
Zone-1,2025-01,276951.83
Zone-1,2025-01,176528.51
Zone-1,2025-02,263596.96
Zone-1,2025-01,259736.75
Zone-1,2025-01,185386.94
Zone-1,2025-01,136266.78
Zone-1,2025-03,206825.47
Zone-1,2025-03,226496.73
Zone-1,2025-03,213914.88
Zone-1,2025-03,289101.57
Zone-1,2025-01,230995.78
Zone-1,2025-03,76865.75
Zone-1,2025-01,152737.17
Zone-1,2025-03,154577.94
Zone-1,2025-03,202161.79
Zone-1,2025-03,247278.49
Zone-1,2025-03,97903.97
Zone-1,2025-03,204754.26
Zone-1,2025-01,135673.93
Zone-1,2025-03,105243.82
Zone-1,2025-03,190797.76
Zone-1,2025-01,199833.93
Zone-1,2025-02,131718.87
Zone-1,2025-02,272408.35
Zone-1,2025-03,115723.1
Zone-1,2025-02,106554.83
Zone-1,2025-02,201050.25
Zone-1,2025-01,215491.89
Zone-1,2025-01,116509.79
Zone-1,2025-02,119613.05
Zone-1,2025-02,90271.96
Zone-1,2025-02,182302.03
Zone-1,2025-02,114536.45
Zone-1,2025-03,224463.1
Zone-1,2025-02,246032.17
Zone-1,2025-02,167447.21
Zone-1,2025-01,73352.56
Zone-1,2025-02,246323.71
Zone-1,2025-03,77253.25
Zone-1,2025-01,147129.56
Zone-1,2025-02,173132.16
Zone-1,2025-03,212366.72
Zone-1,2025-01,63514.97
Zone-1,2025-01,203497.49
Zone-1,2025-02,283373.65
Zone-1,2025-02,258256.21
Zone-1,2025-02,240034.42
Zone-1,2025-01,72859.55
Zone-1,2025-01,144151.13
Zone-1,2025-03,143900.74
Zone-1,2025-01,158922.21
Zone-1,2025-03,260543.25
Zone-1,2025-02,185851.78
Zone-1,2025-03,206779.74
Zone-1,2025-02,246909.63
Zone-1,2025-03,153321.87
Zone-1,2025-03,187653.61
Zone-1,2025-01,60483.06
Zone-1,2025-02,135077.46
Zone-1,2025-03,192643.14
Zone-1,2025-03,170049.36
Zone-1,2025-02,241544.69
Zone-1,2025-01,56988.89
Zone-1,2025-01,234596.32
Zone-1,2025-02,158616.22
Zone-1,2025-03,134458.3
Zone-1,2025-01,250215.7
Zone-1,2025-01,186393.15
Zone-1,2025-03,265192.17
Zone-1,2025-02,279072.02
Zone-1,2025-01,227013.15
Zone-1,2025-02,245676.05
Zone-1,2025-01,171239.34
Zone-1,2025-02,201036.45
Zone-1,2025-03,243641.37
Zone-1,2025-03,85904.39
Zone-1,2025-02,78774.72
Zone-1,2025-03,231142.47
Zone-1,2025-02,198171.39
Zone-1,2025-01,136356.68
Zone-1,2025-02,64522.79
Zone-1,2025-02,148508.51
Zone-1,2025-02,266865.04
Zone-1,2025-03,290780.44
Zone-1,2025-01,144142.78
Zone-1,2025-02,97904.48
Zone-1,2025-03,87046.86
Zone-1,2025-02,106191.0
Zone-1,2025-01,230083.08
Zone-1,2025-03,149783.81
Zone-1,2025-03,85076.39
Zone-1,2025-02,172093.88
Zone-1,2025-03,248377.43
Zone-1,2025-02,207980.42
Zone-1,2025-02,272879.9
Zone-1,2025-01,215274.74
Zone-1,2025-02,216773.55
Zone-1,2025-03,93058.99
Zone-1,2025-01,265022.49
